Sample_Name,Original Date Received,Status,Date_Analyzed,Storage Location,Notes,ECA Protocol (from Kit_ID)
EC_016_SCN-D1,7/20/2022,Not Analyzed,,,,Not used for ECA
EC_016_SCN-D2,7/20/2022,Not Analyzed,,,,Not used for ECA
EC_016_SCN-D3,7/20/2022,Not Analyzed,,,,Not used for ECA
EC_016_SCN-D4,7/20/2022,Not Analyzed,,,,Not used for ECA
EC_016_SCN-D5,7/20/2022,Not Analyzed,,,,Not used for ECA
EC_016_SCN-W1,7/20/2022,Not Analyzed,,,,Not used for ECA
EC_016_SCN-W2,7/20/2022,Not Analyzed,,,,Not used for ECA
EC_016_SCN-W3,7/20/2022,Not Analyzed,,,,Not used for ECA
EC_016_SCN-W4,7/20/2022,Not Analyzed,,,,Not used for ECA
EC_016_SCN-W5,7/20/2022,Not Analyzed,,,,Not used for ECA
EC_019_SCN-D1,,,,,,Not used for ECA
EC_019_SCN-D2,,,,,,Not used for ECA
EC_019_SCN-D3,,,,,,Not used for ECA
EC_019_SCN-D4,,,,,,Not used for ECA
EC_019_SCN-D5,,,,,,Not used for ECA
EC_019_SCN-W1,,,,,,Not used for ECA
EC_019_SCN-W2,,,,,,Not used for ECA
EC_019_SCN-W3,,,,,,Not used for ECA
EC_019_SCN-W4,,,,,,Not used for ECA
EC_019_SCN-W5,,,,,,Not used for ECA
EC_020_SCN-D1,7/20/2022,Not Analyzed,,,,Not used for ECA
EC_020_SCN-D2,7/20/2022,Not Analyzed,,,,Not used for ECA
EC_020_SCN-D3,7/20/2022,Not Analyzed,,,,Not used for ECA
EC_020_SCN-D4,7/20/2022,Not Analyzed,,,,Not used for ECA
EC_020_SCN-D5,7/20/2022,Not Analyzed,,,,Not used for ECA
EC_020_SCN-W1,7/20/2022,Not Analyzed,,,,Not used for ECA
EC_020_SCN-W2,7/20/2022,Not Analyzed,,,,Not used for ECA
EC_020_SCN-W3,7/20/2022,Not Analyzed,,,,Not used for ECA
EC_020_SCN-W4,7/20/2022,Not Analyzed,,,,Not used for ECA
EC_020_SCN-W5,7/20/2022,Not Analyzed,,,,Not used for ECA
EC_025_SCN-D1,8/17/2022,Not Analyzed,,,,Not used for ECA
EC_025_SCN-D2,8/17/2022,Not Analyzed,,,,Not used for ECA
EC_025_SCN-D3,8/17/2022,Not Analyzed,,,,Not used for ECA
EC_025_SCN-D4,8/17/2022,Not Analyzed,,,,Not used for ECA
EC_025_SCN-D5,8/17/2022,Not Analyzed,,,,Not used for ECA
EC_025_SCN-W1,8/17/2022,Not Analyzed,,,,Not used for ECA
EC_025_SCN-W2,8/17/2022,Not Analyzed,,,,Not used for ECA
EC_025_SCN-W3,8/17/2022,Not Analyzed,,,,Not used for ECA
EC_025_SCN-W4,8/17/2022,Not Analyzed,,,,Not used for ECA
EC_025_SCN-W5,8/17/2022,Not Analyzed,,,,Not used for ECA
EC_026_SCN-D1,8/17/2022,Not Analyzed,,,,Not used for ECA
EC_026_SCN-D2,8/17/2022,Not Analyzed,,,,Not used for ECA
EC_026_SCN-D3,8/17/2022,Not Analyzed,,,,Not used for ECA
EC_026_SCN-D4,8/17/2022,Not Analyzed,,,,Not used for ECA
EC_026_SCN-D5,8/17/2022,Not Analyzed,,,,Not used for ECA
EC_026_SCN-W1,8/17/2022,Not Analyzed,,,,Not used for ECA
EC_026_SCN-W2,8/17/2022,Not Analyzed,,,,Not used for ECA
EC_026_SCN-W3,8/17/2022,Not Analyzed,,,,Not used for ECA
EC_026_SCN-W4,8/17/2022,Not Analyzed,,,,Not used for ECA
EC_026_SCN-W5,8/17/2022,Not Analyzed,,,,Not used for ECA
EC_028_SCN-D1,7/13/2022,Not Analyzed,,,,Not used for ECA
EC_028_SCN-D2,7/13/2022,Not Analyzed,,,,Not used for ECA
EC_028_SCN-D3,7/13/2022,Not Analyzed,,,,Not used for ECA
EC_028_SCN-D4,7/13/2022,Not Analyzed,,,,Not used for ECA
EC_028_SCN-D5,7/13/2022,Not Analyzed,,,,Not used for ECA
EC_028_SCN-W1,7/13/2022,Not Analyzed,,,,Not used for ECA
EC_028_SCN-W2,7/13/2022,Not Analyzed,,,,Not used for ECA
EC_028_SCN-W3,7/13/2022,Not Analyzed,,,,Not used for ECA
EC_028_SCN-W4,7/13/2022,Not Analyzed,,,,Not used for ECA
EC_028_SCN-W5,7/13/2022,Not Analyzed,,,,Not used for ECA
EC_029_SCN-D1,9/22/2022,Not Analyzed,,,,Not used for ECA
EC_029_SCN-D2,9/22/2022,Not Analyzed,,,,Not used for ECA
EC_029_SCN-D3,9/22/2022,Not Analyzed,,,,Not used for ECA
EC_029_SCN-D4,9/22/2022,Not Analyzed,,,,Not used for ECA
EC_029_SCN-D5,9/22/2022,Not Analyzed,,,,Not used for ECA
EC_029_SCN-W1,9/22/2022,Not Analyzed,,,,Not used for ECA
EC_029_SCN-W2,9/22/2022,Not Analyzed,,,,Not used for ECA
EC_029_SCN-W3,9/22/2022,Not Analyzed,,,,Not used for ECA
EC_029_SCN-W4,9/22/2022,Not Analyzed,,,,Not used for ECA
EC_029_SCN-W5,9/22/2022,Not Analyzed,,,,Not used for ECA
EC_030_SCN-D1,9/22/2022,Not Analyzed,,,,Not used for ECA
EC_030_SCN-D2,9/22/2022,Not Analyzed,,,,Not used for ECA
EC_030_SCN-D3,9/22/2022,Not Analyzed,,,,Not used for ECA
EC_030_SCN-D4,9/22/2022,Not Analyzed,,,,Not used for ECA
EC_030_SCN-D5,9/22/2022,Not Analyzed,,,,Not used for ECA
EC_030_SCN-W1,9/22/2022,Not Analyzed,,,,Not used for ECA
EC_030_SCN-W2,9/22/2022,Not Analyzed,,,,Not used for ECA
EC_030_SCN-W3,9/22/2022,Not Analyzed,,,,Not used for ECA
EC_030_SCN-W4,9/22/2022,Not Analyzed,,,,Not used for ECA
EC_030_SCN-W5,9/22/2022,Not Analyzed,,,,Not used for ECA
EC_031_SCN-D1,,,,,,Not used for ECA
EC_031_SCN-D2,,,,,,Not used for ECA
EC_031_SCN-D3,,,,,,Not used for ECA
EC_031_SCN-D4,,,,,,Not used for ECA
EC_031_SCN-D5,,,,,,Not used for ECA
EC_031_SCN-W1,,,,,,Not used for ECA
EC_031_SCN-W2,,,,,,Not used for ECA
EC_031_SCN-W3,,,,,,Not used for ECA
EC_031_SCN-W4,,,,,,Not used for ECA
EC_031_SCN-W5,,,,,,Not used for ECA
EC_036_SCN-D1,,,,,,Not used for ECA
EC_036_SCN-D2,,,,,,Not used for ECA
EC_036_SCN-D3,,,,,,Not used for ECA
EC_036_SCN-D4,,,,,,Not used for ECA
EC_036_SCN-D5,,,,,,Not used for ECA
EC_036_SCN-W1,,,,,,Not used for ECA
EC_036_SCN-W2,,,,,,Not used for ECA
EC_036_SCN-W3,,,,,,Not used for ECA
EC_036_SCN-W4,,,,,,Not used for ECA
EC_036_SCN-W5,,,,,,Not used for ECA
EC_043_SCN-D1,12/22/2022,Not Analyzed,,,,Not used for ECA
EC_043_SCN-D2,12/22/2022,Not Analyzed,,,,Not used for ECA
EC_043_SCN-D3,12/22/2022,Not Analyzed,,,,Not used for ECA
EC_043_SCN-D4,12/22/2022,Not Analyzed,,,,Not used for ECA
EC_043_SCN-D5,12/22/2022,Not Analyzed,,,,Not used for ECA
EC_043_SCN-W1,12/22/2022,Not Analyzed,,,,Not used for ECA
EC_043_SCN-W2,12/22/2022,Not Analyzed,,,,Not used for ECA
EC_043_SCN-W3,12/22/2022,Not Analyzed,,,,Not used for ECA
EC_043_SCN-W4,12/22/2022,Not Analyzed,,,,Not used for ECA
EC_043_SCN-W5,12/22/2022,Not Analyzed,,,,Not used for ECA
EC_045_SCN-D1,2/9/2023,Not Analyzed,,,,Not used for ECA
EC_045_SCN-D2,2/9/2023,Not Analyzed,,,,Not used for ECA
EC_045_SCN-D3,2/9/2023,Not Analyzed,,,,Not used for ECA
EC_045_SCN-D4,2/9/2023,Not Analyzed,,,,Not used for ECA
EC_045_SCN-D5,2/9/2023,Not Analyzed,,,,Not used for ECA
EC_045_SCN-W1,2/9/2023,Not Analyzed,,,,Not used for ECA
EC_045_SCN-W2,2/9/2023,Not Analyzed,,,,Not used for ECA
EC_045_SCN-W3,2/9/2023,Not Analyzed,,,,Not used for ECA
EC_045_SCN-W4,2/9/2023,Not Analyzed,,,,Not used for ECA
EC_045_SCN-W5,2/9/2023,Not Analyzed,,,,Not used for ECA
EC_046_SCN-D1,4/5/2023,Not Analyzed,,,,Not used for ECA
EC_046_SCN-D2,4/5/2023,Not Analyzed,,,,Not used for ECA
EC_046_SCN-D3,4/5/2023,Not Analyzed,,,,Not used for ECA
EC_046_SCN-D4,4/5/2023,Not Analyzed,,,,Not used for ECA
EC_046_SCN-D5,4/5/2023,Not Analyzed,,,,Not used for ECA
EC_046_SCN-W1,4/5/2023,Not Analyzed,,,,Not used for ECA
EC_046_SCN-W2,4/5/2023,Not Analyzed,,,,Not used for ECA
EC_046_SCN-W3,4/5/2023,Not Analyzed,,,,Not used for ECA
EC_046_SCN-W4,4/5/2023,Not Analyzed,,,,Not used for ECA
EC_046_SCN-W5,4/5/2023,Not Analyzed,,,,Not used for ECA
EC_047_SCN-D1,6/7/2023,,,,,Not used for ECA
EC_047_SCN-D2,6/7/2023,,,,,Not used for ECA
EC_047_SCN-D3,6/7/2023,,,,,Not used for ECA
EC_047_SCN-D4,6/7/2023,,,,,Not used for ECA
EC_047_SCN-D5,6/7/2023,,,,,Not used for ECA
EC_047_SCN-W1,6/7/2023,,,,,Not used for ECA
EC_047_SCN-W2,6/7/2023,,,,,Not used for ECA
EC_047_SCN-W3,6/7/2023,,,,,Not used for ECA
EC_047_SCN-W4,6/7/2023,,,,,Not used for ECA
EC_047_SCN-W5,6/7/2023,,,,,Not used for ECA
EC_048_SCN-D1,8/2/2023,,,,,Not used for ECA
EC_048_SCN-D2,8/2/2023,,,,,Not used for ECA
EC_048_SCN-D3,8/2/2023,,,,,Not used for ECA
EC_048_SCN-D4,8/2/2023,,,,,Not used for ECA
EC_048_SCN-D5,8/2/2023,,,,,Not used for ECA
EC_048_SCN-W1,8/2/2023,,,,,Not used for ECA
EC_048_SCN-W2,8/2/2023,,,,,Not used for ECA
EC_048_SCN-W3,8/2/2023,,,,,Not used for ECA
EC_048_SCN-W4,8/2/2023,,,,,Not used for ECA
EC_048_SCN-W5,8/2/2023,,,,,Not used for ECA
EC_049_SCN-D1,10/4/2023,,,,,Not used for ECA
EC_049_SCN-D2,10/4/2023,,,,,Not used for ECA
EC_049_SCN-D3,10/4/2023,,,,,Not used for ECA
EC_049_SCN-D4,10/4/2023,,,,,Not used for ECA
EC_049_SCN-D5,10/4/2023,,,,,Not used for ECA
EC_049_SCN-W1,10/4/2023,,,,,Not used for ECA
EC_049_SCN-W2,10/4/2023,,,,,Not used for ECA
EC_049_SCN-W3,10/4/2023,,,,,Not used for ECA
EC_049_SCN-W4,10/4/2023,,,,,Not used for ECA
EC_049_SCN-W5,10/4/2023,,,,,Not used for ECA
EC_050_SCN-D1,12/1/2022,Not Analyzed,,,,Not used for ECA
EC_050_SCN-D2,12/1/2022,Not Analyzed,,,,Not used for ECA
EC_050_SCN-D3,12/1/2022,Not Analyzed,,,,Not used for ECA
EC_050_SCN-D4,12/1/2022,Not Analyzed,,,,Not used for ECA
EC_050_SCN-D5,12/1/2022,Not Analyzed,,,,Not used for ECA
EC_050_SCN-W1,12/1/2022,Not Analyzed,,,,Not used for ECA
EC_050_SCN-W2,12/1/2022,Not Analyzed,,,,Not used for ECA
EC_050_SCN-W3,12/1/2022,Not Analyzed,,,,Not used for ECA
EC_050_SCN-W4,12/1/2022,Not Analyzed,,,,Not used for ECA
EC_050_SCN-W5,12/1/2022,Not Analyzed,,,,Not used for ECA
EC_054_SCN-D1,7/6/2023,,,,,Not used for ECA
EC_054_SCN-D2,7/6/2023,,,,,Not used for ECA
EC_054_SCN-D3,7/6/2023,,,,,Not used for ECA
EC_054_SCN-D4,7/6/2023,,,,,Not used for ECA
EC_054_SCN-D5,7/6/2023,,,,,Not used for ECA
EC_054_SCN-W1,7/6/2023,,,,,Not used for ECA
EC_054_SCN-W2,7/6/2023,,,,,Not used for ECA
EC_054_SCN-W3,7/6/2023,,,,,Not used for ECA
EC_054_SCN-W4,7/6/2023,,,,,Not used for ECA
EC_054_SCN-W5,7/6/2023,,,,,Not used for ECA
EC_055_SCN-D1,8/30/2023,,,,,Not used for ECA
EC_055_SCN-D2,8/30/2023,,,,,Not used for ECA
EC_055_SCN-D3,8/30/2023,,,,,Not used for ECA
EC_055_SCN-D4,8/30/2023,,,,,Not used for ECA
EC_055_SCN-D5,8/30/2023,,,,,Not used for ECA
EC_055_SCN-W1,8/30/2023,,,,,Not used for ECA
EC_055_SCN-W2,8/30/2023,,,,,Not used for ECA
EC_055_SCN-W3,8/30/2023,,,,,Not used for ECA
EC_055_SCN-W4,8/30/2023,,,,,Not used for ECA
EC_055_SCN-W5,8/30/2023,,,,,Not used for ECA
EC_058_SCN-D1,4/5/2023,Not Analyzed,,,,Not used for ECA
EC_058_SCN-D2,4/5/2023,Not Analyzed,,,,Not used for ECA
EC_058_SCN-D3,4/5/2023,Not Analyzed,,,,Not used for ECA
EC_058_SCN-D4,4/5/2023,Not Analyzed,,,,Not used for ECA
EC_058_SCN-D5,4/5/2023,Not Analyzed,,,,Not used for ECA
EC_058_SCN-W1,4/5/2023,Not Analyzed,,,,Not used for ECA
EC_058_SCN-W2,4/5/2023,Not Analyzed,,,,Not used for ECA
EC_058_SCN-W3,4/5/2023,Not Analyzed,,,,Not used for ECA
EC_058_SCN-W4,4/5/2023,Not Analyzed,,,,Not used for ECA
EC_058_SCN-W5,4/5/2023,Not Analyzed,,,,Not used for ECA
EC_059_SCN-D1,6/7/2023,,,,,Not used for ECA
EC_059_SCN-D2,6/7/2023,,,,,Not used for ECA
EC_059_SCN-D3,6/7/2023,,,,,Not used for ECA
EC_059_SCN-D4,6/7/2023,,,,,Not used for ECA
EC_059_SCN-D5,6/7/2023,,,,,Not used for ECA
EC_059_SCN-W1,6/7/2023,,,,,Not used for ECA
EC_059_SCN-W2,6/7/2023,,,,,Not used for ECA
EC_059_SCN-W3,6/7/2023,,,,,Not used for ECA
EC_059_SCN-W4,6/7/2023,,,,,Not used for ECA
EC_059_SCN-W5,6/7/2023,,,,,Not used for ECA
EC_060_SCN-D1,8/2/2023,,,,,Not used for ECA
EC_060_SCN-D2,8/2/2023,,,,,Not used for ECA
EC_060_SCN-D3,8/2/2023,,,,,Not used for ECA
EC_060_SCN-D4,8/2/2023,,,,,Not used for ECA
EC_060_SCN-D5,8/2/2023,,,,,Not used for ECA
EC_060_SCN-W1,8/2/2023,,,,,Not used for ECA
EC_060_SCN-W2,8/2/2023,,,,,Not used for ECA
EC_060_SCN-W3,8/2/2023,,,,,Not used for ECA
EC_060_SCN-W4,8/2/2023,,,,,Not used for ECA
EC_060_SCN-W5,8/2/2023,,,,,Not used for ECA
EC_061_SCN-D1,10/11/2023,,,,,Not used for ECA
EC_061_SCN-D2,10/11/2023,,,,,Not used for ECA
EC_061_SCN-D3,10/11/2023,,,,,Not used for ECA
EC_061_SCN-D4,10/11/2023,,,,,Not used for ECA
EC_061_SCN-D5,10/11/2023,,,,,Not used for ECA
EC_061_SCN-W1,10/11/2023,,,,,Not used for ECA
EC_061_SCN-W2,10/11/2023,,,,,Not used for ECA
EC_061_SCN-W3,10/11/2023,,,,,Not used for ECA
EC_061_SCN-W4,10/11/2023,,,,,Not used for ECA
EC_061_SCN-W5,10/11/2023,,,,,Not used for ECA
EC_062_SCN-D1,11/16/2022,Not Analyzed,,,,Not used for ECA
EC_062_SCN-D2,11/16/2022,Not Analyzed,,,,Not used for ECA
EC_062_SCN-D3,11/16/2022,Not Analyzed,,,,Not used for ECA
EC_062_SCN-D4,11/16/2022,Not Analyzed,,,,Not used for ECA
EC_062_SCN-D5,11/16/2022,Not Analyzed,,,,Not used for ECA
EC_062_SCN-W1,11/16/2022,Not Analyzed,,,,Not used for ECA
EC_062_SCN-W2,11/16/2022,Not Analyzed,,,,Not used for ECA
EC_062_SCN-W3,11/16/2022,Not Analyzed,,,,Not used for ECA
EC_062_SCN-W4,11/16/2022,Not Analyzed,,,,Not used for ECA
EC_062_SCN-W5,11/16/2022,Not Analyzed,,,,Not used for ECA
EC_067_SCN-D1,,,,,,Not used for ECA
EC_067_SCN-D2,,,,,,Not used for ECA
EC_067_SCN-D3,,,,,,Not used for ECA
EC_067_SCN-D4,,,,,,Not used for ECA
EC_067_SCN-D5,,,,,,Not used for ECA
EC_067_SCN-W1,,,,,,Not used for ECA
EC_067_SCN-W2,,,,,,Not used for ECA
EC_067_SCN-W3,,,,,,Not used for ECA
EC_067_SCN-W4,,,,,,Not used for ECA
EC_067_SCN-W5,,,,,,Not used for ECA
EC_077_SCN-D1,2/22/2023,Not Analyzed,,,,Not used for ECA
EC_077_SCN-D2,2/22/2023,Not Analyzed,,,,Not used for ECA
EC_077_SCN-D3,2/22/2023,Not Analyzed,,,,Not used for ECA
EC_077_SCN-D4,2/22/2023,Not Analyzed,,,,Not used for ECA
EC_077_SCN-D5,2/22/2023,Not Analyzed,,,,Not used for ECA
EC_077_SCN-W1,2/22/2023,Not Analyzed,,,,Not used for ECA
EC_077_SCN-W2,2/22/2023,Not Analyzed,,,,Not used for ECA
EC_077_SCN-W3,2/22/2023,Not Analyzed,,,,Not used for ECA
EC_077_SCN-W4,2/22/2023,Not Analyzed,,,,Not used for ECA
EC_077_SCN-W5,2/22/2023,Not Analyzed,,,,Not used for ECA
EC_079_SCN-D1,2/15/2023,Not Analyzed,,,,Not used for ECA
EC_079_SCN-D2,2/15/2023,Not Analyzed,,,,Not used for ECA
EC_079_SCN-D3,2/15/2023,Not Analyzed,,,,Not used for ECA
EC_079_SCN-D4,2/15/2023,Not Analyzed,,,,Not used for ECA
EC_079_SCN-D5,2/15/2023,Not Analyzed,,,,Not used for ECA
EC_079_SCN-W1,2/15/2023,Not Analyzed,,,,Not used for ECA
EC_079_SCN-W2,2/15/2023,Not Analyzed,,,,Not used for ECA
EC_079_SCN-W3,2/15/2023,Not Analyzed,,,,Not used for ECA
EC_079_SCN-W4,2/15/2023,Not Analyzed,,,,Not used for ECA
EC_079_SCN-W5,2/15/2023,Not Analyzed,,,,Not used for ECA
EC_083_SCN-D1,8/17/2023,,,,,Not used for ECA
EC_083_SCN-D2,8/17/2023,,,,,Not used for ECA
EC_083_SCN-D3,8/17/2023,,,,,Not used for ECA
EC_083_SCN-D4,8/17/2023,,,,,Not used for ECA
EC_083_SCN-D5,8/17/2023,,,,,Not used for ECA
EC_083_SCN-W1,8/17/2023,,,,,Not used for ECA
EC_083_SCN-W2,8/17/2023,,,,,Not used for ECA
EC_083_SCN-W3,8/17/2023,,,,,Not used for ECA
EC_083_SCN-W4,8/17/2023,,,,,Not used for ECA
EC_083_SCN-W5,8/17/2023,,,,,Not used for ECA
EC_086_SCN-D1,8/30/2023,,,,,Not used for ECA
EC_086_SCN-D2,8/30/2023,,,,,Not used for ECA
EC_086_SCN-D3,8/30/2023,,,,,Not used for ECA
EC_086_SCN-D4,8/30/2023,,,,,Not used for ECA
EC_086_SCN-D5,8/30/2023,,,,,Not used for ECA
EC_086_SCN-W1,8/30/2023,,,,,Not used for ECA
EC_086_SCN-W2,8/30/2023,,,,,Not used for ECA
EC_086_SCN-W3,8/30/2023,,,,,Not used for ECA
EC_086_SCN-W4,8/30/2023,,,,,Not used for ECA
EC_086_SCN-W5,8/30/2023,,,,,Not used for ECA
EC_087_SCN-D1,8/16/2023,,,,,Not used for ECA
EC_087_SCN-D2,8/16/2023,,,,,Not used for ECA
EC_087_SCN-D3,8/16/2023,,,,,Not used for ECA
EC_087_SCN-D4,8/16/2023,,,,,Not used for ECA
EC_087_SCN-D5,8/16/2023,,,,,Not used for ECA
EC_087_SCN-W1,8/16/2023,,,,,Not used for ECA
EC_087_SCN-W2,8/16/2023,,,,,Not used for ECA
EC_087_SCN-W3,8/16/2023,,,,,Not used for ECA
EC_087_SCN-W4,8/16/2023,,,,,Not used for ECA
EC_087_SCN-W5,8/16/2023,,,,,Not used for ECA
EC_096_SCN-D1,6/21/2023,,,,,Not used for ECA
EC_096_SCN-D2,6/21/2023,,,,,Not used for ECA
EC_096_SCN-D3,6/21/2023,,,,,Not used for ECA
EC_096_SCN-D4,6/21/2023,,,,,Not used for ECA
EC_096_SCN-D5,6/21/2023,,,,,Not used for ECA
EC_096_SCN-W1,6/21/2023,,,,,Not used for ECA
EC_096_SCN-W2,6/21/2023,,,,,Not used for ECA
EC_096_SCN-W3,6/21/2023,,,,,Not used for ECA
EC_096_SCN-W4,6/21/2023,,,,,Not used for ECA
EC_096_SCN-W5,6/21/2023,,,,,Not used for ECA
EC_097_SCN-D1,9/27/2023,,,,,Not used for ECA
EC_097_SCN-D2,9/27/2023,,,,,Not used for ECA
EC_097_SCN-D3,9/27/2023,,,,,Not used for ECA
EC_097_SCN-D4,9/27/2023,,,,,Not used for ECA
EC_097_SCN-D5,9/27/2023,,,,,Not used for ECA
EC_097_SCN-W1,9/27/2023,,,,,Not used for ECA
EC_097_SCN-W2,9/27/2023,,,,,Not used for ECA
EC_097_SCN-W3,9/27/2023,,,,,Not used for ECA
EC_097_SCN-W4,9/27/2023,,,,,Not used for ECA
EC_097_SCN-W5,9/27/2023,,,,,Not used for ECA
EC_098_SCN-D1,10/4/2023,,,,,Not used for ECA
EC_098_SCN-D2,10/4/2023,,,,,Not used for ECA
EC_098_SCN-D3,10/4/2023,,,,,Not used for ECA
EC_098_SCN-D4,10/4/2023,,,,,Not used for ECA
EC_098_SCN-D5,10/4/2023,,,,,Not used for ECA
EC_098_SCN-W1,10/4/2023,,,,,Not used for ECA
EC_098_SCN-W2,10/4/2023,,,,,Not used for ECA
EC_098_SCN-W3,10/4/2023,,,,,Not used for ECA
EC_098_SCN-W4,10/4/2023,,,,,Not used for ECA
EC_098_SCN-W5,10/4/2023,,,,,Not used for ECA
EC_099_SCN-D1,6/21/2023,Not Analyzed,,,,Not used for ECA
EC_099_SCN-D2,6/21/2023,Not Analyzed,,,,Not used for ECA
EC_099_SCN-D3,6/21/2023,Not Analyzed,,,,Not used for ECA
EC_099_SCN-D4,6/21/2023,Not Analyzed,,,,Not used for ECA
EC_099_SCN-D5,6/21/2023,Not Analyzed,,,,Not used for ECA
EC_099_SCN-W1,6/21/2023,Not Analyzed,,,,Not used for ECA
EC_099_SCN-W2,6/21/2023,Not Analyzed,,,,Not used for ECA
EC_099_SCN-W3,6/21/2023,Not Analyzed,,,,Not used for ECA
EC_099_SCN-W4,6/21/2023,Not Analyzed,,,,Not used for ECA
EC_099_SCN-W5,6/21/2023,Not Analyzed,,,,Not used for ECA
EC_100_SCN-D1,5/31/2023,Not Analyzed,,,,Not used for ECA
EC_100_SCN-D2,5/31/2023,Not Analyzed,,,,Not used for ECA
EC_100_SCN-D3,5/31/2023,Not Analyzed,,,,Not used for ECA
EC_100_SCN-D4,5/31/2023,Not Analyzed,,,,Not used for ECA
EC_100_SCN-D5,5/31/2023,Not Analyzed,,,,Not used for ECA
EC_100_SCN-W1,5/31/2023,Not Analyzed,,,,Not used for ECA
EC_100_SCN-W2,5/31/2023,Not Analyzed,,,,Not used for ECA
EC_100_SCN-W3,5/31/2023,Not Analyzed,,,,Not used for ECA
EC_100_SCN-W4,5/31/2023,Not Analyzed,,,,Not used for ECA
EC_100_SCN-W5,5/31/2023,Not Analyzed,,,,Not used for ECA
EC_101_SCN-D1,5/31/2023,Not Analyzed,,,,Not used for ECA
EC_101_SCN-D2,5/31/2023,Not Analyzed,,,,Not used for ECA
EC_101_SCN-D3,5/31/2023,Not Analyzed,,,,Not used for ECA
EC_101_SCN-D4,5/31/2023,Not Analyzed,,,,Not used for ECA
EC_101_SCN-D5,5/31/2023,Not Analyzed,,,,Not used for ECA
EC_101_SCN-W1,5/31/2023,Not Analyzed,,,,Not used for ECA
EC_101_SCN-W2,5/31/2023,Not Analyzed,,,,Not used for ECA
EC_101_SCN-W3,5/31/2023,Not Analyzed,,,,Not used for ECA
EC_101_SCN-W4,5/31/2023,Not Analyzed,,,,Not used for ECA
EC_101_SCN-W5,5/31/2023,Not Analyzed,,,,Not used for ECA
EC_102_SCN-D1,6/28/2023,,,,,Not used for ECA
EC_102_SCN-D2,6/28/2023,,,,,Not used for ECA
EC_102_SCN-D3,6/28/2023,,,,,Not used for ECA
EC_102_SCN-D4,6/28/2023,,,,,Not used for ECA
EC_102_SCN-D5,6/28/2023,,,,,Not used for ECA
EC_102_SCN-W1,6/28/2023,,,,,Not used for ECA
EC_102_SCN-W2,6/28/2023,,,,,Not used for ECA
EC_102_SCN-W3,6/28/2023,,,,,Not used for ECA
EC_102_SCN-W4,6/28/2023,,,,,Not used for ECA
EC_102_SCN-W5,6/28/2023,,,,,Not used for ECA
EC_103_SCN-D1,7/12/2023,,,,,Not used for ECA
EC_103_SCN-D2,7/12/2023,,,,,Not used for ECA
EC_103_SCN-D3,7/12/2023,,,,,Not used for ECA
EC_103_SCN-D4,7/12/2023,,,,,Not used for ECA
EC_103_SCN-D5,7/12/2023,,,,,Not used for ECA
EC_103_SCN-W1,7/12/2023,,,,,Not used for ECA
EC_103_SCN-W2,7/12/2023,,,,,Not used for ECA
EC_103_SCN-W3,7/12/2023,,,,,Not used for ECA
EC_103_SCN-W4,7/12/2023,,,,,Not used for ECA
EC_103_SCN-W5,7/12/2023,,,,,Not used for ECA
EC_104_SCN-D1,7/25/2023,,,,,Not used for ECA
EC_104_SCN-D2,7/25/2023,,,,,Not used for ECA
EC_104_SCN-D3,7/25/2023,,,,,Not used for ECA
EC_104_SCN-D4,7/25/2023,,,,,Not used for ECA
EC_104_SCN-D5,7/25/2023,,,,,Not used for ECA
EC_104_SCN-W1,7/25/2023,,,,,Not used for ECA
EC_104_SCN-W2,7/25/2023,,,,,Not used for ECA
EC_104_SCN-W3,7/25/2023,,,,,Not used for ECA
EC_104_SCN-W4,7/25/2023,,,,,Not used for ECA
EC_104_SCN-W5,7/25/2023,,,,,Not used for ECA
EC_105_SCN-D1,6/28/2023,,,,,Not used for ECA
EC_105_SCN-D2,6/28/2023,,,,,Not used for ECA
EC_105_SCN-D3,6/28/2023,,,,,Not used for ECA
EC_105_SCN-D4,6/28/2023,,,,,Not used for ECA
EC_105_SCN-D5,6/28/2023,,,,,Not used for ECA
EC_105_SCN-W1,6/28/2023,,,,,Not used for ECA
EC_105_SCN-W2,6/28/2023,,,,,Not used for ECA
EC_105_SCN-W3,6/28/2023,,,,,Not used for ECA
EC_105_SCN-W4,6/28/2023,,,,,Not used for ECA
EC_105_SCN-W5,6/28/2023,,,,,Not used for ECA
EC_106_SCN-D1,7/19/2023,,,,,Not used for ECA
EC_106_SCN-D2,7/19/2023,,,,,Not used for ECA
EC_106_SCN-D3,7/19/2023,,,,,Not used for ECA
EC_106_SCN-D4,7/19/2023,,,,,Not used for ECA
EC_106_SCN-D5,7/19/2023,,,,,Not used for ECA
EC_106_SCN-W1,7/19/2023,,,,,Not used for ECA
EC_106_SCN-W2,7/19/2023,,,,,Not used for ECA
EC_106_SCN-W3,7/19/2023,,,,,Not used for ECA
EC_106_SCN-W4,7/19/2023,,,,,Not used for ECA
EC_106_SCN-W5,7/19/2023,,,,,Not used for ECA
EC_107_SCN-D1,7/19/2023,,,,,Not used for ECA
EC_107_SCN-D2,7/19/2023,,,,,Not used for ECA
EC_107_SCN-D3,7/19/2023,,,,,Not used for ECA
EC_107_SCN-D4,7/19/2023,,,,,Not used for ECA
EC_107_SCN-D5,7/19/2023,,,,,Not used for ECA
EC_107_SCN-W1,7/19/2023,,,,,Not used for ECA
EC_107_SCN-W2,7/19/2023,,,,,Not used for ECA
EC_107_SCN-W3,7/19/2023,,,,,Not used for ECA
EC_107_SCN-W4,7/19/2023,,,,,Not used for ECA
EC_107_SCN-W5,7/19/2023,,,,,Not used for ECA
EC_108_SCN-D1,7/27/2023,,,,,Not used for ECA
EC_108_SCN-D2,7/27/2023,,,,,Not used for ECA
EC_108_SCN-D3,7/27/2023,,,,,Not used for ECA
EC_108_SCN-D4,7/27/2023,,,,,Not used for ECA
EC_108_SCN-D5,7/27/2023,,,,,Not used for ECA
EC_108_SCN-W1,7/27/2023,,,,,Not used for ECA
EC_108_SCN-W2,7/27/2023,,,,,Not used for ECA
EC_108_SCN-W3,7/27/2023,,,,,Not used for ECA
EC_108_SCN-W4,7/27/2023,,,,,Not used for ECA
EC_108_SCN-W5,7/27/2023,,,,,Not used for ECA
EC_109_SCN-D1,8/23/2023,,,,,Not used for ECA
EC_109_SCN-D2,8/23/2023,,,,,Not used for ECA
EC_109_SCN-D3,8/23/2023,,,,,Not used for ECA
EC_109_SCN-D4,8/23/2023,,,,,Not used for ECA
EC_109_SCN-D5,8/23/2023,,,,,Not used for ECA
EC_109_SCN-W1,8/23/2023,,,,,Not used for ECA
EC_109_SCN-W2,8/23/2023,,,,,Not used for ECA
EC_109_SCN-W3,8/23/2023,,,,,Not used for ECA
EC_109_SCN-W4,8/23/2023,,,,,Not used for ECA
EC_109_SCN-W5,8/23/2023,,,,,Not used for ECA
EC_110_SCN-D1,8/23/2023,,,,,Not used for ECA
EC_110_SCN-D2,8/23/2023,,,,,Not used for ECA
EC_110_SCN-D3,8/23/2023,,,,,Not used for ECA
EC_110_SCN-D4,8/23/2023,,,,,Not used for ECA
EC_110_SCN-D5,8/23/2023,,,,,Not used for ECA
EC_110_SCN-W1,8/23/2023,,,,,Not used for ECA
EC_110_SCN-W2,8/23/2023,,,,,Not used for ECA
EC_110_SCN-W3,8/23/2023,,,,,Not used for ECA
EC_110_SCN-W4,8/23/2023,,,,,Not used for ECA
EC_110_SCN-W5,8/23/2023,,,,,Not used for ECA
EC_111_SCN-D1,9/6/2023,,,,,Not used for ECA
EC_111_SCN-D2,9/6/2023,,,,,Not used for ECA
EC_111_SCN-D3,9/6/2023,,,,,Not used for ECA
EC_111_SCN-D4,9/6/2023,,,,,Not used for ECA
EC_111_SCN-D5,9/6/2023,,,,,Not used for ECA
EC_111_SCN-W1,9/6/2023,,,,,Not used for ECA
EC_111_SCN-W2,9/6/2023,,,,,Not used for ECA
EC_111_SCN-W3,9/6/2023,,,,,Not used for ECA
EC_111_SCN-W4,9/6/2023,,,,,Not used for ECA
EC_111_SCN-W5,9/6/2023,,,,,Not used for ECA
EC_112_SCN-D1,9/13/2023,,,,,Not used for ECA
EC_112_SCN-D2,9/13/2023,,,,,Not used for ECA
EC_112_SCN-D3,9/13/2023,,,,,Not used for ECA
EC_112_SCN-D4,9/13/2023,,,,,Not used for ECA
EC_112_SCN-D5,9/13/2023,,,,,Not used for ECA
EC_112_SCN-W1,9/13/2023,,,,,Not used for ECA
EC_112_SCN-W2,9/13/2023,,,,,Not used for ECA
EC_112_SCN-W3,9/13/2023,,,,,Not used for ECA
EC_112_SCN-W4,9/13/2023,,,,,Not used for ECA
EC_112_SCN-W5,9/13/2023,,,,,Not used for ECA
EC_113_SCN-D1,9/12/2023,,,,,Not used for ECA
EC_113_SCN-D2,9/12/2023,,,,,Not used for ECA
EC_113_SCN-D3,9/12/2023,,,,,Not used for ECA
EC_113_SCN-D4,9/12/2023,,,,,Not used for ECA
EC_113_SCN-D5,9/12/2023,,,,,Not used for ECA
EC_113_SCN-W1,9/12/2023,,,,,Not used for ECA
EC_113_SCN-W2,9/12/2023,,,,,Not used for ECA
EC_113_SCN-W3,9/12/2023,,,,,Not used for ECA
EC_113_SCN-W4,9/12/2023,,,,,Not used for ECA
EC_113_SCN-W5,9/12/2023,,,,,Not used for ECA
EC_114_SCN-D1,9/27/2023,,,,,Not used for ECA
EC_114_SCN-D2,9/27/2023,,,,,Not used for ECA
EC_114_SCN-D3,9/27/2023,,,,,Not used for ECA
EC_114_SCN-D4,9/27/2023,,,,,Not used for ECA
EC_114_SCN-D5,9/27/2023,,,,,Not used for ECA
EC_114_SCN-W1,9/27/2023,,,,,Not used for ECA
EC_114_SCN-W2,9/27/2023,,,,,Not used for ECA
EC_114_SCN-W3,9/27/2023,,,,,Not used for ECA
EC_114_SCN-W4,9/27/2023,,,,,Not used for ECA
EC_114_SCN-W5,9/27/2023,,,,,Not used for ECA
EC_115_SCN-D1,9/19/2023,,,,,Not used for ECA
EC_115_SCN-D2,9/19/2023,,,,,Not used for ECA
EC_115_SCN-D3,9/19/2023,,,,,Not used for ECA
EC_115_SCN-D4,9/19/2023,,,,,Not used for ECA
EC_115_SCN-D5,9/19/2023,,,,,Not used for ECA
EC_115_SCN-W1,9/19/2023,,,,,Not used for ECA
EC_115_SCN-W2,9/19/2023,,,,,Not used for ECA
EC_115_SCN-W3,9/19/2023,,,,,Not used for ECA
EC_115_SCN-W4,9/19/2023,,,,,Not used for ECA
EC_115_SCN-W5,9/19/2023,,,,,Not used for ECA
EC_116_SCN-D1,9/19/2023,,,,,Not used for ECA
EC_116_SCN-D2,9/19/2023,,,,,Not used for ECA
EC_116_SCN-D3,9/19/2023,,,,,Not used for ECA
EC_116_SCN-D4,9/19/2023,,,,,Not used for ECA
EC_116_SCN-D5,9/19/2023,,,,,Not used for ECA
EC_116_SCN-W1,9/19/2023,,,,,Not used for ECA
EC_116_SCN-W2,9/19/2023,,,,,Not used for ECA
EC_116_SCN-W3,9/19/2023,,,,,Not used for ECA
EC_116_SCN-W4,9/19/2023,,,,,Not used for ECA
EC_116_SCN-W5,9/19/2023,,,,,Not used for ECA
EC_117_SCN-D1,10/11/2023,,,,,Not used for ECA
EC_117_SCN-D2,10/11/2023,,,,,Not used for ECA
EC_117_SCN-D3,10/11/2023,,,,,Not used for ECA
EC_117_SCN-D4,10/11/2023,,,,,Not used for ECA
EC_117_SCN-D5,10/11/2023,,,,,Not used for ECA
EC_117_SCN-W1,10/11/2023,,,,,Not used for ECA
EC_117_SCN-W2,10/11/2023,,,,,Not used for ECA
EC_117_SCN-W3,10/11/2023,,,,,Not used for ECA
EC_117_SCN-W4,10/11/2023,,,,,Not used for ECA
EC_117_SCN-W5,10/11/2023,,,,,Not used for ECA
EC_001_SCN-D1,4/20/2022,Not Analyzed,,,"Jar sample
",Protocol 1 (Jars)
EC_001_SCN-D2,4/20/2022,Not Analyzed,,,"Jar sample
",Protocol 1 (Jars)
EC_001_SCN-D3,4/20/2022,Not Analyzed,,,"Jar sample
",Protocol 1 (Jars)
EC_001_SCN-D4,4/20/2022,Not Analyzed,,,"Jar sample
",Protocol 1 (Jars)
EC_001_SCN-D5,4/20/2022,Not Analyzed,,,"Jar sample
",Protocol 1 (Jars)
EC_001_SCN-W1,4/20/2022,Not Analyzed,,,"Jar sample
",Protocol 1 (Jars)
EC_001_SCN-W2,4/20/2022,Not Analyzed,,,"Jar sample
",Protocol 1 (Jars)
EC_001_SCN-W3,4/20/2022,Not Analyzed,,,"Jar sample
",Protocol 1 (Jars)
EC_001_SCN-W4,4/20/2022,Not Analyzed,,,"Jar sample
",Protocol 1 (Jars)
EC_001_SCN-W5,4/20/2022,Not Analyzed,,,"Jar sample
",Protocol 1 (Jars)
EC_002_SCN-D1,6/1/2022,Frozen,,2245 -20C,"Jar sample
",Protocol 1 (Jars)
EC_002_SCN-D2,6/1/2022,Frozen,,2245 -20C,"Jar sample
",Protocol 1 (Jars)
EC_002_SCN-D3,6/1/2022,Frozen,,2245 -20C,"Jar sample
",Protocol 1 (Jars)
EC_002_SCN-D4,6/1/2022,Frozen,,2245 -20C,"Jar sample
",Protocol 1 (Jars)
EC_002_SCN-D5,6/1/2022,Frozen,,2245 -20C,"Jar sample
",Protocol 1 (Jars)
EC_002_SCN-W1,6/1/2022,Frozen,,2245 -20C,"Jar sample
",Protocol 1 (Jars)
EC_002_SCN-W2,6/1/2022,Frozen,,2245 -20C,"Jar sample
",Protocol 1 (Jars)
EC_002_SCN-W3,6/1/2022,Frozen,,2245 -20C,"Jar sample
",Protocol 1 (Jars)
EC_002_SCN-W4,6/1/2022,Frozen,,2245 -20C,"Jar sample
",Protocol 1 (Jars)
EC_002_SCN-W5,6/1/2022,Frozen,,2245 -20C,"Jar sample
",Protocol 1 (Jars)
EC_003_SCN-D1,5/4/2022,Frozen,,2245 -20C,"Jar sample
",Protocol 1 (Jars)
EC_003_SCN-D2,5/4/2022,Frozen,,2245 -20C,"Jar sample
",Protocol 1 (Jars)
EC_003_SCN-D3,5/4/2022,Frozen,,2245 -20C,"Jar sample
",Protocol 1 (Jars)
EC_003_SCN-D4,5/4/2022,Frozen,,2245 -20C,"Jar sample
",Protocol 1 (Jars)
EC_003_SCN-D5,5/4/2022,Frozen,,2245 -20C,"Jar sample
",Protocol 1 (Jars)
EC_003_SCN-W1,5/4/2022,Frozen,,2245 -20C,"Jar sample
",Protocol 1 (Jars)
EC_003_SCN-W2,5/4/2022,Frozen,,2245 -20C,"Jar sample
",Protocol 1 (Jars)
EC_003_SCN-W3,5/4/2022,Frozen,,2245 -20C,"Jar sample
",Protocol 1 (Jars)
EC_003_SCN-W4,5/4/2022,Frozen,,2245 -20C,"Jar sample
",Protocol 1 (Jars)
EC_003_SCN-W5,5/4/2022,Frozen,,2245 -20C,"Jar sample
",Protocol 1 (Jars)
EC_004_SCN-D1,5/25/2022,Frozen,,2245 -20C,"Jar sample
",Protocol 1 (Jars)
EC_004_SCN-D2,5/25/2022,Frozen,,2245 -20C,"Jar sample
",Protocol 1 (Jars)
EC_004_SCN-D3,5/25/2022,Frozen,,2245 -20C,"Jar sample
",Protocol 1 (Jars)
EC_004_SCN-D4,5/25/2022,Frozen,,2245 -20C,"Jar sample
",Protocol 1 (Jars)
EC_004_SCN-D5,5/25/2022,Frozen,,2245 -20C,"Jar sample
",Protocol 1 (Jars)
EC_004_SCN-W1,5/25/2022,Frozen,,2245 -20C,"Jar sample
",Protocol 1 (Jars)
EC_004_SCN-W2,5/25/2022,Frozen,,2245 -20C,"Jar sample
",Protocol 1 (Jars)
EC_004_SCN-W3,5/25/2022,Frozen,,2245 -20C,"Jar sample
",Protocol 1 (Jars)
EC_004_SCN-W4,5/25/2022,Frozen,,2245 -20C,"Jar sample
",Protocol 1 (Jars)
EC_004_SCN-W5,5/25/2022,Frozen,,2245 -20C,"Jar sample
",Protocol 1 (Jars)
EC_006_SCN-D1,5/17/2022,Not Analyzed,,,"Jar sample
",Protocol 1 (Jars)
EC_006_SCN-D2,5/17/2022,Not Analyzed,,,"Jar sample
",Protocol 1 (Jars)
EC_006_SCN-D3,5/17/2022,Not Analyzed,,,"Jar sample
",Protocol 1 (Jars)
EC_006_SCN-D4,5/17/2022,Not Analyzed,,,"Jar sample
",Protocol 1 (Jars)
EC_006_SCN-D5,5/17/2022,Not Analyzed,,,"Jar sample
",Protocol 1 (Jars)
EC_006_SCN-W1,5/17/2022,Not Analyzed,,,"Jar sample
",Protocol 1 (Jars)
EC_006_SCN-W2,5/17/2022,Not Analyzed,,,"Jar sample
",Protocol 1 (Jars)
EC_006_SCN-W3,5/17/2022,Not Analyzed,,,"Jar sample
",Protocol 1 (Jars)
EC_006_SCN-W4,5/17/2022,Not Analyzed,,,"Jar sample
",Protocol 1 (Jars)
EC_006_SCN-W5,5/17/2022,Not Analyzed,,,"Jar sample
",Protocol 1 (Jars)
EC_007_SCN-D1,5/17/2022,Not Analyzed,,,"Jar sample
",Protocol 1 (Jars)
EC_007_SCN-D2,5/17/2022,Not Analyzed,,,"Jar sample
",Protocol 1 (Jars)
EC_007_SCN-D3,5/17/2022,Not Analyzed,,,"Jar sample
",Protocol 1 (Jars)
EC_007_SCN-D4,5/17/2022,Not Analyzed,,,"Jar sample
",Protocol 1 (Jars)
EC_007_SCN-D5,5/17/2022,Not Analyzed,,,"Jar sample
",Protocol 1 (Jars)
EC_007_SCN-W1,5/17/2022,Not Analyzed,,,"Jar sample
",Protocol 1 (Jars)
EC_007_SCN-W2,5/17/2022,Not Analyzed,,,"Jar sample
",Protocol 1 (Jars)
EC_007_SCN-W3,5/17/2022,Not Analyzed,,,"Jar sample
",Protocol 1 (Jars)
EC_007_SCN-W4,5/17/2022,Not Analyzed,,,"Jar sample
",Protocol 1 (Jars)
EC_007_SCN-W5,5/17/2022,Not Analyzed,,,"Jar sample
",Protocol 1 (Jars)
EC_008_SCN-D1,5/24/2022,Not Analyzed,,,"Jar sample
",Protocol 1 (Jars)
EC_008_SCN-D2,5/24/2022,Not Analyzed,,,"Jar sample
",Protocol 1 (Jars)
EC_008_SCN-D3,5/24/2022,Not Analyzed,,,"Jar sample
",Protocol 1 (Jars)
EC_008_SCN-D4,5/24/2022,Not Analyzed,,,"Jar sample
",Protocol 1 (Jars)
EC_008_SCN-D5,5/24/2022,Not Analyzed,,,"Jar sample
",Protocol 1 (Jars)
EC_008_SCN-W1,5/24/2022,Not Analyzed,,,"Jar sample
",Protocol 1 (Jars)
EC_008_SCN-W2,5/24/2022,Not Analyzed,,,"Jar sample
",Protocol 1 (Jars)
EC_008_SCN-W3,5/24/2022,Not Analyzed,,,"Jar sample
",Protocol 1 (Jars)
EC_008_SCN-W4,5/24/2022,Not Analyzed,,,"Jar sample
",Protocol 1 (Jars)
EC_008_SCN-W5,5/24/2022,Not Analyzed,,,"Jar sample
",Protocol 1 (Jars)
EC_010_SCN-D1,6/8/2022,Not Analyzed,,,"Jar sample
",Protocol 1 (Jars)
EC_010_SCN-D2,6/8/2022,Not Analyzed,,,"Jar sample
",Protocol 1 (Jars)
EC_010_SCN-D3,6/8/2022,Not Analyzed,,,"Jar sample
",Protocol 1 (Jars)
EC_010_SCN-D4,6/8/2022,Not Analyzed,,,"Jar sample
",Protocol 1 (Jars)
EC_010_SCN-D5,6/8/2022,Not Analyzed,,,"Jar sample
",Protocol 1 (Jars)
EC_010_SCN-W1,6/8/2022,Not Analyzed,,,"Jar sample
",Protocol 1 (Jars)
EC_010_SCN-W2,6/8/2022,Not Analyzed,,,"Jar sample
",Protocol 1 (Jars)
EC_010_SCN-W3,6/8/2022,Not Analyzed,,,"Jar sample
",Protocol 1 (Jars)
EC_010_SCN-W4,6/8/2022,Not Analyzed,,,"Jar sample
",Protocol 1 (Jars)
EC_010_SCN-W5,6/8/2022,Not Analyzed,,,"Jar sample
",Protocol 1 (Jars)
EC_015_SCN-D1,6/8/2022,Not Analyzed,,,"Jar sample
",Protocol 1 (Jars)
EC_015_SCN-D2,6/8/2022,Not Analyzed,,,"Jar sample
",Protocol 1 (Jars)
EC_015_SCN-D3,6/8/2022,Not Analyzed,,,"Jar sample
",Protocol 1 (Jars)
EC_015_SCN-D4,6/8/2022,Not Analyzed,,,"Jar sample
",Protocol 1 (Jars)
EC_015_SCN-D5,6/8/2022,Not Analyzed,,,"Jar sample
",Protocol 1 (Jars)
EC_015_SCN-W1,6/8/2022,Not Analyzed,,,"Jar sample
",Protocol 1 (Jars)
EC_015_SCN-W2,6/8/2022,Not Analyzed,,,"Jar sample
",Protocol 1 (Jars)
EC_015_SCN-W3,6/8/2022,Not Analyzed,,,"Jar sample
",Protocol 1 (Jars)
EC_015_SCN-W4,6/8/2022,Not Analyzed,,,"Jar sample
",Protocol 1 (Jars)
EC_015_SCN-W5,6/8/2022,Not Analyzed,,,"Jar sample
",Protocol 1 (Jars)
EC_005_SCN-D1,11/9/2022,"Dried,Ground,Analyzed",,2245 room temp,,Protocol 2 (Amber vials)
EC_005_SCN-D2,11/9/2022,"Dried,Ground",,2245 room temp,,Protocol 2 (Amber vials)
EC_005_SCN-D3,11/9/2022,"Dried,Ground",,2245 room temp,,Protocol 2 (Amber vials)
EC_005_SCN-D4,11/9/2022,"Dried,Ground",,2245 room temp,,Protocol 2 (Amber vials)
EC_005_SCN-D5,11/9/2022,"Dried,Ground",,2245 room temp,,Protocol 2 (Amber vials)
EC_005_SCN-W1,11/9/2022,"Dried,Ground,Analyzed",,2245 room temp,,Protocol 2 (Amber vials)
EC_005_SCN-W2,11/9/2022,"Dried,Ground",,2245 room temp,,Protocol 2 (Amber vials)
EC_005_SCN-W3,11/9/2022,"Dried,Ground",,2245 room temp,,Protocol 2 (Amber vials)
EC_005_SCN-W4,11/9/2022,"Dried,Ground",,2245 room temp,,Protocol 2 (Amber vials)
EC_005_SCN-W5,11/9/2022,"Dried,Ground",,2245 room temp,,Protocol 2 (Amber vials)
EC_009_SCN-D1,4/18/2023,"Dried,Ground",,2245 room temp,,Protocol 2 (Amber vials)
EC_009_SCN-D2,4/18/2023,"Dried,Ground",,2245 room temp,,Protocol 2 (Amber vials)
EC_009_SCN-D3,4/18/2023,"Dried,Ground",,2245 room temp,,Protocol 2 (Amber vials)
EC_009_SCN-D4,4/18/2023,"Dried,Ground",,2245 room temp,,Protocol 2 (Amber vials)
EC_009_SCN-D5,4/18/2023,"Dried,Ground",,2245 room temp,,Protocol 2 (Amber vials)
EC_009_SCN-W1,4/18/2023,"Dried,Ground",,2245 room temp,,Protocol 2 (Amber vials)
EC_009_SCN-W2,4/18/2023,"Dried,Ground",,2245 room temp,,Protocol 2 (Amber vials)
EC_009_SCN-W3,4/18/2023,"Dried,Ground",,2245 room temp,,Protocol 2 (Amber vials)
EC_009_SCN-W4,4/18/2023,"Dried,Ground",,2245 room temp,,Protocol 2 (Amber vials)
EC_009_SCN-W5,4/18/2023,"Dried,Ground",,2245 room temp,,Protocol 2 (Amber vials)
EC_011_SCN-D1,8/23/2022,"Dried,Ground,Analyzed",,2245 room temp,,Protocol 2 (Amber vials)
EC_011_SCN-D2,8/23/2022,"Dried,Ground",,2245 room temp,,Protocol 2 (Amber vials)
EC_011_SCN-D3,8/23/2022,"Dried,Ground",,2245 room temp,,Protocol 2 (Amber vials)
EC_011_SCN-D4,8/23/2022,"Dried,Ground",,2245 room temp,,Protocol 2 (Amber vials)
EC_011_SCN-D5,8/23/2022,"Dried,Ground",,2245 room temp,,Protocol 2 (Amber vials)
EC_011_SCN-W1,8/23/2022,"Dried,Ground,Analyzed",,2245 room temp,,Protocol 2 (Amber vials)
EC_011_SCN-W2,8/23/2022,"Dried,Ground",,2245 room temp,,Protocol 2 (Amber vials)
EC_011_SCN-W3,8/23/2022,"Dried,Ground",,2245 room temp,,Protocol 2 (Amber vials)
EC_011_SCN-W4,8/23/2022,"Dried,Ground",,2245 room temp,,Protocol 2 (Amber vials)
EC_011_SCN-W5,8/23/2022,"Dried,Ground",,2245 room temp,,Protocol 2 (Amber vials)
EC_012_SCN-D1,8/23/2022,Not Analyzed,,,"sample broken, not used",Protocol 2 (Amber vials)
EC_012_SCN-D2,8/23/2022,"Dried,Ground",,2245 room temp,,Protocol 2 (Amber vials)
EC_012_SCN-D3,8/23/2022,"Dried,Ground",,2245 room temp,,Protocol 2 (Amber vials)
EC_012_SCN-D4,8/23/2022,"Dried,Ground",,2245 room temp,,Protocol 2 (Amber vials)
EC_012_SCN-D5,8/23/2022,"Dried,Ground",,2245 room temp,,Protocol 2 (Amber vials)
EC_012_SCN-W1,8/23/2022,"Dried,Ground,Analyzed",,2245 room temp,,Protocol 2 (Amber vials)
EC_012_SCN-W2,8/23/2022,"Dried,Ground",,2245 room temp,,Protocol 2 (Amber vials)
EC_012_SCN-W3,8/23/2022,"Dried,Ground",,2245 room temp,,Protocol 2 (Amber vials)
EC_012_SCN-W4,8/23/2022,"Dried,Ground",,2245 room temp,,Protocol 2 (Amber vials)
EC_012_SCN-W5,8/23/2022,"Dried,Ground",,2245 room temp,,Protocol 2 (Amber vials)
EC_013_SCN-D1,7/13/2022,"Dried,Ground,Analyzed",,2245 room temp,,Protocol 2 (Amber vials)
EC_013_SCN-D2,7/13/2022,"Dried,Ground",,2245 room temp,,Protocol 2 (Amber vials)
EC_013_SCN-D3,7/13/2022,"Dried,Ground",,2245 room temp,,Protocol 2 (Amber vials)
EC_013_SCN-D4,7/13/2022,"Dried,Ground",,2245 room temp,,Protocol 2 (Amber vials)
EC_013_SCN-D5,7/13/2022,"Dried,Ground",,2245 room temp,,Protocol 2 (Amber vials)
EC_013_SCN-W1,7/13/2022,"Dried,Ground,Analyzed",,2245 room temp,,Protocol 2 (Amber vials)
EC_013_SCN-W2,7/13/2022,"Dried,Ground",,2245 room temp,,Protocol 2 (Amber vials)
EC_013_SCN-W3,7/13/2022,"Dried,Ground",,2245 room temp,,Protocol 2 (Amber vials)
EC_013_SCN-W4,7/13/2022,"Dried,Ground",,2245 room temp,,Protocol 2 (Amber vials)
EC_013_SCN-W5,7/13/2022,"Dried,Ground",,2245 room temp,,Protocol 2 (Amber vials)
EC_014_SCN-D1,6/15/2022,"Dried,Ground,Analyzed",,2245 room temp,,Protocol 2 (Amber vials)
EC_014_SCN-D2,6/15/2022,"Dried,Ground",,2245 room temp,,Protocol 2 (Amber vials)
EC_014_SCN-D3,6/15/2022,"Dried,Ground",,2245 room temp,,Protocol 2 (Amber vials)
EC_014_SCN-D4,6/15/2022,"Dried,Ground",,2245 room temp,,Protocol 2 (Amber vials)
EC_014_SCN-D5,6/15/2022,"Dried,Ground",,2245 room temp,,Protocol 2 (Amber vials)
EC_014_SCN-W1,6/15/2022,"Dried,Ground,Analyzed",,2245 room temp,,Protocol 2 (Amber vials)
EC_014_SCN-W2,6/15/2022,"Dried,Ground",,2245 room temp,,Protocol 2 (Amber vials)
EC_014_SCN-W3,6/15/2022,"Dried,Ground",,2245 room temp,,Protocol 2 (Amber vials)
EC_014_SCN-W4,6/15/2022,"Dried,Ground",,2245 room temp,,Protocol 2 (Amber vials)
EC_014_SCN-W5,6/15/2022,"Dried,Ground",,2245 room temp,,Protocol 2 (Amber vials)
EC_017_SCN-D1,11/16/2022,"Dried,Ground,Analyzed",,2245 room temp,,Protocol 2 (Amber vials)
EC_017_SCN-D2,11/16/2022,"Dried,Ground",,2245 room temp,,Protocol 2 (Amber vials)
EC_017_SCN-D3,11/16/2022,"Dried,Ground",,2245 room temp,,Protocol 2 (Amber vials)
EC_017_SCN-D4,11/16/2022,"Dried,Ground",,2245 room temp,,Protocol 2 (Amber vials)
EC_017_SCN-D5,11/16/2022,"Dried,Ground",,2245 room temp,,Protocol 2 (Amber vials)
EC_017_SCN-W1,11/16/2022,"Dried,Ground,Analyzed",,2245 room temp,,Protocol 2 (Amber vials)
EC_017_SCN-W2,11/16/2022,"Dried,Ground",,2245 room temp,,Protocol 2 (Amber vials)
EC_017_SCN-W3,11/16/2022,"Dried,Ground",,2245 room temp,,Protocol 2 (Amber vials)
EC_017_SCN-W4,11/16/2022,"Dried,Ground",,2245 room temp,,Protocol 2 (Amber vials)
EC_017_SCN-W5,11/16/2022,"Dried,Ground",,2245 room temp,,Protocol 2 (Amber vials)
EC_018_SCN-D1,6/15/2022,"Dried,Ground,Analyzed",,2245 room temp,,Protocol 2 (Amber vials)
EC_018_SCN-D2,6/15/2022,"Dried,Ground",,2245 room temp,,Protocol 2 (Amber vials)
EC_018_SCN-D3,6/15/2022,"Dried,Ground",,2245 room temp,,Protocol 2 (Amber vials)
EC_018_SCN-D4,6/15/2022,"Dried,Ground",,2245 room temp,,Protocol 2 (Amber vials)
EC_018_SCN-D5,6/15/2022,"Dried,Ground",,2245 room temp,,Protocol 2 (Amber vials)
EC_018_SCN-W1,6/15/2022,"Dried,Ground,Analyzed",,2245 room temp,,Protocol 2 (Amber vials)
EC_018_SCN-W2,6/15/2022,"Dried,Ground",,2245 room temp,,Protocol 2 (Amber vials)
EC_018_SCN-W3,6/15/2022,"Dried,Ground",,2245 room temp,,Protocol 2 (Amber vials)
EC_018_SCN-W4,6/15/2022,"Dried,Ground",,2245 room temp,,Protocol 2 (Amber vials)
EC_018_SCN-W5,6/15/2022,"Dried,Ground",,2245 room temp,,Protocol 2 (Amber vials)
EC_021_SCN-D1,9/7/2022,"Dried,Ground,Analyzed",,2245 room temp,,Protocol 2 (Amber vials)
EC_021_SCN-D2,9/7/2022,"Dried,Ground",,2245 room temp,,Protocol 2 (Amber vials)
EC_021_SCN-D3,9/7/2022,"Dried,Ground",,2245 room temp,,Protocol 2 (Amber vials)
EC_021_SCN-D4,9/7/2022,"Dried,Ground",,2245 room temp,,Protocol 2 (Amber vials)
EC_021_SCN-D5,9/7/2022,"Dried,Ground",,2245 room temp,,Protocol 2 (Amber vials)
EC_021_SCN-W1,9/7/2022,"Dried,Ground,Analyzed",,2245 room temp,,Protocol 2 (Amber vials)
EC_021_SCN-W2,9/7/2022,"Dried,Ground",,2245 room temp,,Protocol 2 (Amber vials)
EC_021_SCN-W3,9/7/2022,"Dried,Ground",,2245 room temp,,Protocol 2 (Amber vials)
EC_021_SCN-W4,9/7/2022,"Dried,Ground",,2245 room temp,,Protocol 2 (Amber vials)
EC_021_SCN-W5,9/7/2022,"Dried,Ground",,2245 room temp,,Protocol 2 (Amber vials)
EC_022_SCN-D1,9/15/2022,"Dried,Ground,Analyzed",,2245 room temp,,Protocol 2 (Amber vials)
EC_022_SCN-D2,9/15/2022,"Dried,Ground",,2245 room temp,,Protocol 2 (Amber vials)
EC_022_SCN-D3,9/15/2022,"Dried,Ground",,2245 room temp,,Protocol 2 (Amber vials)
EC_022_SCN-D4,9/15/2022,"Dried,Ground",,2245 room temp,,Protocol 2 (Amber vials)
EC_022_SCN-D5,9/15/2022,"Dried,Ground",,2245 room temp,,Protocol 2 (Amber vials)
EC_022_SCN-W1,9/15/2022,"Dried,Ground,Analyzed",,2245 room temp,,Protocol 2 (Amber vials)
EC_022_SCN-W2,9/15/2022,"Dried,Ground",,2245 room temp,,Protocol 2 (Amber vials)
EC_022_SCN-W3,9/15/2022,"Dried,Ground",,2245 room temp,,Protocol 2 (Amber vials)
EC_022_SCN-W4,9/15/2022,"Dried,Ground",,2245 room temp,,Protocol 2 (Amber vials)
EC_022_SCN-W5,9/15/2022,"Dried,Ground",,2245 room temp,,Protocol 2 (Amber vials)
EC_023_SCN-D1,9/14/2022,"Dried,Ground,Analyzed",,2245 room temp,,Protocol 2 (Amber vials)
EC_023_SCN-D2,9/14/2022,"Dried,Ground",,2245 room temp,,Protocol 2 (Amber vials)
EC_023_SCN-D3,9/14/2022,"Dried,Ground",,2245 room temp,,Protocol 2 (Amber vials)
EC_023_SCN-D4,9/14/2022,"Dried,Ground",,2245 room temp,,Protocol 2 (Amber vials)
EC_023_SCN-D5,9/14/2022,"Dried,Ground",,2245 room temp,,Protocol 2 (Amber vials)
EC_023_SCN-W1,9/14/2022,"Dried,Ground,Analyzed",,2245 room temp,,Protocol 2 (Amber vials)
EC_023_SCN-W2,9/14/2022,"Dried,Ground",,2245 room temp,,Protocol 2 (Amber vials)
EC_023_SCN-W3,9/14/2022,"Dried,Ground",,2245 room temp,,Protocol 2 (Amber vials)
EC_023_SCN-W4,9/14/2022,"Dried,Ground",,2245 room temp,,Protocol 2 (Amber vials)
EC_023_SCN-W5,9/14/2022,"Dried,Ground",,2245 room temp,,Protocol 2 (Amber vials)
EC_024_SCN-D1,8/3/2022,"Dried,Ground,Analyzed",,2245 room temp,,Protocol 2 (Amber vials)
EC_024_SCN-D2,8/3/2022,"Dried,Ground",,2245 room temp,,Protocol 2 (Amber vials)
EC_024_SCN-D3,8/3/2022,"Dried,Ground",,2245 room temp,,Protocol 2 (Amber vials)
EC_024_SCN-D4,8/3/2022,"Dried,Ground",,2245 room temp,,Protocol 2 (Amber vials)
EC_024_SCN-D5,8/3/2022,"Dried,Ground",,2245 room temp,,Protocol 2 (Amber vials)
EC_024_SCN-W1,8/3/2022,"Dried,Ground,Analyzed",,2245 room temp,,Protocol 2 (Amber vials)
EC_024_SCN-W2,8/3/2022,"Dried,Ground",,2245 room temp,,Protocol 2 (Amber vials)
EC_024_SCN-W3,8/3/2022,"Dried,Ground",,2245 room temp,,Protocol 2 (Amber vials)
EC_024_SCN-W4,8/3/2022,"Dried,Ground",,2245 room temp,,Protocol 2 (Amber vials)
EC_024_SCN-W5,8/3/2022,"Dried,Ground",,2245 room temp,,Protocol 2 (Amber vials)
EC_027_SCN-D1,7/13/2022,"Dried,Ground,Analyzed",,2245 room temp,,Protocol 2 (Amber vials)
EC_027_SCN-D2,7/13/2022,"Dried,Ground",,2245 room temp,,Protocol 2 (Amber vials)
EC_027_SCN-D3,7/13/2022,"Dried,Ground",,2245 room temp,,Protocol 2 (Amber vials)
EC_027_SCN-D4,7/13/2022,"Dried,Ground",,2245 room temp,,Protocol 2 (Amber vials)
EC_027_SCN-D5,7/13/2022,"Dried,Ground",,2245 room temp,,Protocol 2 (Amber vials)
EC_027_SCN-W1,7/13/2022,"Dried,Ground,Analyzed",,2245 room temp,,Protocol 2 (Amber vials)
EC_027_SCN-W2,7/13/2022,"Dried,Ground",,2245 room temp,,Protocol 2 (Amber vials)
EC_027_SCN-W3,7/13/2022,"Dried,Ground",,2245 room temp,,Protocol 2 (Amber vials)
EC_027_SCN-W4,7/13/2022,"Dried,Ground",,2245 room temp,,Protocol 2 (Amber vials)
EC_027_SCN-W5,7/13/2022,"Dried,Ground",,2245 room temp,,Protocol 2 (Amber vials)
EC_032_SCN-D1,10/5/2022,"Dried,Ground,Analyzed",,2245 room temp,,Protocol 2 (Amber vials)
EC_032_SCN-D2,10/5/2022,"Dried,Ground",,2245 room temp,,Protocol 2 (Amber vials)
EC_032_SCN-D3,10/5/2022,"Dried,Ground",,2245 room temp,,Protocol 2 (Amber vials)
EC_032_SCN-D4,10/5/2022,"Dried,Ground",,2245 room temp,,Protocol 2 (Amber vials)
EC_032_SCN-D5,10/5/2022,"Dried,Ground",,2245 room temp,,Protocol 2 (Amber vials)
EC_032_SCN-W1,10/5/2022,"Dried,Ground,Analyzed",,2245 room temp,,Protocol 2 (Amber vials)
EC_032_SCN-W2,10/5/2022,"Dried,Ground",,2245 room temp,,Protocol 2 (Amber vials)
EC_032_SCN-W3,10/5/2022,"Dried,Ground",,2245 room temp,,Protocol 2 (Amber vials)
EC_032_SCN-W4,10/5/2022,"Dried,Ground",,2245 room temp,,Protocol 2 (Amber vials)
EC_032_SCN-W5,10/5/2022,"Dried,Ground",,2245 room temp,,Protocol 2 (Amber vials)
EC_033_SCN-D1,9/7/2022,"Dried,Ground,Analyzed",,2245 room temp,,Protocol 2 (Amber vials)
EC_033_SCN-D2,9/7/2022,"Dried,Ground",,2245 room temp,,Protocol 2 (Amber vials)
EC_033_SCN-D3,9/7/2022,"Dried,Ground",,2245 room temp,,Protocol 2 (Amber vials)
EC_033_SCN-D4,9/7/2022,"Dried,Ground",,2245 room temp,,Protocol 2 (Amber vials)
EC_033_SCN-D5,9/7/2022,"Dried,Ground",,2245 room temp,,Protocol 2 (Amber vials)
EC_033_SCN-W1,9/7/2022,"Dried,Ground,Analyzed",,2245 room temp,,Protocol 2 (Amber vials)
EC_033_SCN-W2,9/7/2022,"Dried,Ground",,2245 room temp,,Protocol 2 (Amber vials)
EC_033_SCN-W3,9/7/2022,"Dried,Ground",,2245 room temp,,Protocol 2 (Amber vials)
EC_033_SCN-W4,9/7/2022,"Dried,Ground",,2245 room temp,,Protocol 2 (Amber vials)
EC_033_SCN-W5,9/7/2022,"Dried,Ground",,2245 room temp,,Protocol 2 (Amber vials)
EC_034_SCN-D1,8/31/2022,"Dried,Ground,Analyzed",,2245 room temp,,Protocol 2 (Amber vials)
EC_034_SCN-D2,8/31/2022,"Dried,Ground",,2245 room temp,,Protocol 2 (Amber vials)
EC_034_SCN-D3,8/31/2022,"Dried,Ground",,2245 room temp,,Protocol 2 (Amber vials)
EC_034_SCN-D4,8/31/2022,"Dried,Ground",,2245 room temp,,Protocol 2 (Amber vials)
EC_034_SCN-D5,8/31/2022,"Dried,Ground",,2245 room temp,,Protocol 2 (Amber vials)
EC_034_SCN-W1,8/31/2022,"Dried,Ground,Analyzed",,2245 room temp,,Protocol 2 (Amber vials)
EC_034_SCN-W2,8/31/2022,"Dried,Ground",,2245 room temp,,Protocol 2 (Amber vials)
EC_034_SCN-W3,8/31/2022,"Dried,Ground",,2245 room temp,,Protocol 2 (Amber vials)
EC_034_SCN-W4,8/31/2022,"Dried,Ground",,2245 room temp,,Protocol 2 (Amber vials)
EC_034_SCN-W5,8/31/2022,"Dried,Ground",,2245 room temp,,Protocol 2 (Amber vials)
EC_035_SCN-D1,10/19/2022,"Dried,Ground,Analyzed",,2245 room temp,,Protocol 2 (Amber vials)
EC_035_SCN-D2,10/19/2022,"Dried,Ground",,2245 room temp,,Protocol 2 (Amber vials)
EC_035_SCN-D3,10/19/2022,"Dried,Ground",,2245 room temp,,Protocol 2 (Amber vials)
EC_035_SCN-D4,10/19/2022,"Dried,Ground",,2245 room temp,,Protocol 2 (Amber vials)
EC_035_SCN-D5,10/19/2022,"Dried,Ground",,2245 room temp,,Protocol 2 (Amber vials)
EC_035_SCN-W1,10/19/2022,"Dried,Ground,Analyzed",,2245 room temp,,Protocol 2 (Amber vials)
EC_035_SCN-W2,10/19/2022,"Dried,Ground",,2245 room temp,,Protocol 2 (Amber vials)
EC_035_SCN-W3,10/19/2022,"Dried,Ground",,2245 room temp,,Protocol 2 (Amber vials)
EC_035_SCN-W4,10/19/2022,"Dried,Ground",,2245 room temp,,Protocol 2 (Amber vials)
EC_035_SCN-W5,10/19/2022,"Dried,Ground",,2245 room temp,,Protocol 2 (Amber vials)
EC_037_SCN-D1,11/2/2022,"Dried,Ground,Analyzed",,2245 room temp,,Protocol 2 (Amber vials)
EC_037_SCN-D2,11/2/2022,"Dried,Ground",,2245 room temp,,Protocol 2 (Amber vials)
EC_037_SCN-D3,11/2/2022,"Dried,Ground",,2245 room temp,,Protocol 2 (Amber vials)
EC_037_SCN-D4,11/2/2022,"Dried,Ground",,2245 room temp,,Protocol 2 (Amber vials)
EC_037_SCN-D5,11/2/2022,"Dried,Ground",,2245 room temp,,Protocol 2 (Amber vials)
EC_037_SCN-W1,11/2/2022,"Dried,Ground,Analyzed",,2245 room temp,,Protocol 2 (Amber vials)
EC_037_SCN-W2,11/2/2022,"Dried,Ground",,2245 room temp,,Protocol 2 (Amber vials)
EC_037_SCN-W3,11/2/2022,"Dried,Ground",,2245 room temp,,Protocol 2 (Amber vials)
EC_037_SCN-W4,11/2/2022,"Dried,Ground",,2245 room temp,,Protocol 2 (Amber vials)
EC_037_SCN-W5,11/2/2022,"Dried,Ground",,2245 room temp,,Protocol 2 (Amber vials)
EC_038_SCN-D1,11/2/2022,"Dried,Ground,Analyzed",,2245 room temp,,Protocol 2 (Amber vials)
EC_038_SCN-D2,11/2/2022,"Dried,Ground",,2245 room temp,,Protocol 2 (Amber vials)
EC_038_SCN-D3,11/2/2022,"Dried,Ground",,2245 room temp,,Protocol 2 (Amber vials)
EC_038_SCN-D4,11/2/2022,"Dried,Ground",,2245 room temp,,Protocol 2 (Amber vials)
EC_038_SCN-D5,11/2/2022,"Dried,Ground",,2245 room temp,,Protocol 2 (Amber vials)
EC_038_SCN-W1,11/2/2022,"Dried,Ground,Analyzed",,2245 room temp,,Protocol 2 (Amber vials)
EC_038_SCN-W2,11/2/2022,"Dried,Ground",,2245 room temp,,Protocol 2 (Amber vials)
EC_038_SCN-W3,11/2/2022,"Dried,Ground",,2245 room temp,,Protocol 2 (Amber vials)
EC_038_SCN-W4,11/2/2022,"Dried,Ground",,2245 room temp,,Protocol 2 (Amber vials)
EC_038_SCN-W5,11/2/2022,"Dried,Ground",,2245 room temp,,Protocol 2 (Amber vials)
EC_039_SCN-D1,10/26/2022,"Dried,Ground,Analyzed",,2245 room temp,,Protocol 2 (Amber vials)
EC_039_SCN-D2,10/26/2022,"Dried,Ground",,2245 room temp,,Protocol 2 (Amber vials)
EC_039_SCN-D3,10/26/2022,"Dried,Ground",,2245 room temp,,Protocol 2 (Amber vials)
EC_039_SCN-D4,10/26/2022,"Dried,Ground",,2245 room temp,,Protocol 2 (Amber vials)
EC_039_SCN-D5,10/26/2022,"Dried,Ground",,2245 room temp,,Protocol 2 (Amber vials)
EC_039_SCN-W1,10/26/2022,"Dried,Ground,Analyzed",,2245 room temp,,Protocol 2 (Amber vials)
EC_039_SCN-W2,10/26/2022,"Dried,Ground",,2245 room temp,,Protocol 2 (Amber vials)
EC_039_SCN-W3,10/26/2022,"Dried,Ground",,2245 room temp,,Protocol 2 (Amber vials)
EC_039_SCN-W4,10/26/2022,"Dried,Ground",,2245 room temp,,Protocol 2 (Amber vials)
EC_039_SCN-W5,10/26/2022,"Dried,Ground",,2245 room temp,,Protocol 2 (Amber vials)
EC_040_SCN-D1,10/19/2022,"Dried,Ground,Analyzed",,2245 room temp,,Protocol 2 (Amber vials)
EC_040_SCN-D2,10/19/2022,"Dried,Ground",,2245 room temp,,Protocol 2 (Amber vials)
EC_040_SCN-D3,10/19/2022,"Dried,Ground",,2245 room temp,,Protocol 2 (Amber vials)
EC_040_SCN-D4,10/19/2022,"Dried,Ground",,2245 room temp,,Protocol 2 (Amber vials)
EC_040_SCN-D5,10/19/2022,"Dried,Ground",,2245 room temp,,Protocol 2 (Amber vials)
EC_040_SCN-W1,10/19/2022,"Dried,Ground,Analyzed",,2245 room temp,,Protocol 2 (Amber vials)
EC_040_SCN-W2,10/19/2022,"Dried,Ground",,2245 room temp,,Protocol 2 (Amber vials)
EC_040_SCN-W3,10/19/2022,"Dried,Ground",,2245 room temp,,Protocol 2 (Amber vials)
EC_040_SCN-W4,10/19/2022,"Dried,Ground",,2245 room temp,,Protocol 2 (Amber vials)
EC_040_SCN-W5,10/19/2022,"Dried,Ground",,2245 room temp,,Protocol 2 (Amber vials)
EC_041_SCN-D1,10/12/2022,"Dried,Ground,Analyzed",,2245 room temp,,Protocol 2 (Amber vials)
EC_041_SCN-D2,10/12/2022,"Dried,Ground",,2245 room temp,,Protocol 2 (Amber vials)
EC_041_SCN-D3,10/12/2022,"Dried,Ground",,2245 room temp,,Protocol 2 (Amber vials)
EC_041_SCN-D4,10/12/2022,"Dried,Ground",,2245 room temp,,Protocol 2 (Amber vials)
EC_041_SCN-D5,10/12/2022,"Dried,Ground",,2245 room temp,,Protocol 2 (Amber vials)
EC_041_SCN-W1,10/12/2022,"Dried,Ground,Analyzed",,2245 room temp,,Protocol 2 (Amber vials)
EC_041_SCN-W2,10/12/2022,"Dried,Ground",,2245 room temp,,Protocol 2 (Amber vials)
EC_041_SCN-W3,10/12/2022,"Dried,Ground",,2245 room temp,,Protocol 2 (Amber vials)
EC_041_SCN-W4,10/12/2022,"Dried,Ground",,2245 room temp,,Protocol 2 (Amber vials)
EC_041_SCN-W5,10/12/2022,"Dried,Ground",,2245 room temp,,Protocol 2 (Amber vials)
EC_042_SCN-D1,10/12/2022,"Dried,Ground,Analyzed",,2245 room temp,,Protocol 2 (Amber vials)
EC_042_SCN-D2,10/12/2022,"Dried,Ground",,2245 room temp,,Protocol 2 (Amber vials)
EC_042_SCN-D3,10/12/2022,"Dried,Ground",,2245 room temp,,Protocol 2 (Amber vials)
EC_042_SCN-D4,10/12/2022,"Dried,Ground",,2245 room temp,,Protocol 2 (Amber vials)
EC_042_SCN-D5,10/12/2022,"Dried,Ground",,2245 room temp,,Protocol 2 (Amber vials)
EC_042_SCN-W1,10/12/2022,"Dried,Ground,Analyzed",,2245 room temp,,Protocol 2 (Amber vials)
EC_042_SCN-W2,10/12/2022,"Dried,Ground",,2245 room temp,,Protocol 2 (Amber vials)
EC_042_SCN-W3,10/12/2022,"Dried,Ground",,2245 room temp,,Protocol 2 (Amber vials)
EC_042_SCN-W4,10/12/2022,"Dried,Ground",,2245 room temp,,Protocol 2 (Amber vials)
EC_042_SCN-W5,10/12/2022,"Dried,Ground",,2245 room temp,,Protocol 2 (Amber vials)
EC_044_SCN-D1,12/7/2022,"Dried,Ground,Analyzed",,2245 room temp,,Protocol 2 (Amber vials)
EC_044_SCN-D2,12/7/2022,"Dried,Ground",,2245 room temp,,Protocol 2 (Amber vials)
EC_044_SCN-D3,12/7/2022,"Dried,Ground",,2245 room temp,,Protocol 2 (Amber vials)
EC_044_SCN-D4,12/7/2022,"Dried,Ground",,2245 room temp,,Protocol 2 (Amber vials)
EC_044_SCN-D5,12/7/2022,"Dried,Ground",,2245 room temp,,Protocol 2 (Amber vials)
EC_044_SCN-W1,12/7/2022,"Dried,Ground,Analyzed",,2245 room temp,,Protocol 2 (Amber vials)
EC_044_SCN-W2,12/7/2022,"Dried,Ground",,2245 room temp,,Protocol 2 (Amber vials)
EC_044_SCN-W3,12/7/2022,"Dried,Ground",,2245 room temp,,Protocol 2 (Amber vials)
EC_044_SCN-W4,12/7/2022,"Dried,Ground",,2245 room temp,,Protocol 2 (Amber vials)
EC_044_SCN-W5,12/7/2022,"Dried,Ground",,2245 room temp,,Protocol 2 (Amber vials)
EC_051_SCN-D1,1/25/2023,"Dried,Ground",,2245 room temp,,Protocol 2 (Amber vials)
EC_051_SCN-D2,1/25/2023,"Dried,Ground",,2245 room temp,,Protocol 2 (Amber vials)
EC_051_SCN-D3,1/25/2023,"Dried,Ground",,2245 room temp,,Protocol 2 (Amber vials)
EC_051_SCN-D4,1/25/2023,"Dried,Ground",,2245 room temp,,Protocol 2 (Amber vials)
EC_051_SCN-D5,1/25/2023,"Dried,Ground",,2245 room temp,,Protocol 2 (Amber vials)
EC_051_SCN-W1,1/25/2023,"Dried,Ground",,2245 room temp,,Protocol 2 (Amber vials)
EC_051_SCN-W2,1/25/2023,"Dried,Ground",,2245 room temp,,Protocol 2 (Amber vials)
EC_051_SCN-W3,1/25/2023,"Dried,Ground",,2245 room temp,,Protocol 2 (Amber vials)
EC_051_SCN-W4,1/25/2023,"Dried,Ground",,2245 room temp,,Protocol 2 (Amber vials)
EC_051_SCN-W5,1/25/2023,"Dried,Ground",,2245 room temp,,Protocol 2 (Amber vials)
EC_052_SCN-D1,3/22/2023,"Dried,Ground",,2245 room temp,,Protocol 2 (Amber vials)
EC_052_SCN-D2,3/22/2023,"Dried,Ground",,2245 room temp,,Protocol 2 (Amber vials)
EC_052_SCN-D3,3/22/2023,"Dried,Ground",,2245 room temp,,Protocol 2 (Amber vials)
EC_052_SCN-D4,3/22/2023,"Dried,Ground",,2245 room temp,,Protocol 2 (Amber vials)
EC_052_SCN-D5,3/22/2023,"Dried,Ground",,2245 room temp,,Protocol 2 (Amber vials)
EC_052_SCN-W1,3/22/2023,"Dried,Ground",,2245 room temp,,Protocol 2 (Amber vials)
EC_052_SCN-W2,3/22/2023,"Dried,Ground",,2245 room temp,,Protocol 2 (Amber vials)
EC_052_SCN-W3,3/22/2023,"Dried,Ground",,2245 room temp,,Protocol 2 (Amber vials)
EC_052_SCN-W4,3/22/2023,"Dried,Ground",,2245 room temp,,Protocol 2 (Amber vials)
EC_052_SCN-W5,3/22/2023,"Dried,Ground",,2245 room temp,,Protocol 2 (Amber vials)
EC_053_SCN-D1,5/17/2023,"Dried,Ground",,2245 room temp,,Protocol 2 (Amber vials)
EC_053_SCN-D2,5/17/2023,"Dried,Ground",,2245 room temp,,Protocol 2 (Amber vials)
EC_053_SCN-D3,5/17/2023,"Dried,Ground",,2245 room temp,,Protocol 2 (Amber vials)
EC_053_SCN-D4,5/17/2023,"Dried,Ground",,2245 room temp,,Protocol 2 (Amber vials)
EC_053_SCN-D5,5/17/2023,"Dried,Ground",,2245 room temp,,Protocol 2 (Amber vials)
EC_053_SCN-W1,5/17/2023,"Dried,Ground",,2245 room temp,,Protocol 2 (Amber vials)
EC_053_SCN-W2,5/17/2023,"Dried,Ground",,2245 room temp,,Protocol 2 (Amber vials)
EC_053_SCN-W3,5/17/2023,"Dried,Ground",,2245 room temp,,Protocol 2 (Amber vials)
EC_053_SCN-W4,5/17/2023,"Dried,Ground",,2245 room temp,,Protocol 2 (Amber vials)
EC_053_SCN-W5,5/17/2023,"Dried,Ground",,2245 room temp,,Protocol 2 (Amber vials)
EC_056_SCN-D1,12/7/2022,"Dried,Ground,Analyzed",,2245 room temp,,Protocol 2 (Amber vials)
EC_056_SCN-D2,12/7/2022,"Dried,Ground",,2245 room temp,,Protocol 2 (Amber vials)
EC_056_SCN-D3,12/7/2022,"Dried,Ground",,2245 room temp,,Protocol 2 (Amber vials)
EC_056_SCN-D4,12/7/2022,"Dried,Ground",,2245 room temp,,Protocol 2 (Amber vials)
EC_056_SCN-D5,12/7/2022,"Dried,Ground",,2245 room temp,,Protocol 2 (Amber vials)
EC_056_SCN-W1,12/7/2022,"Dried,Ground,Analyzed",,2245 room temp,,Protocol 2 (Amber vials)
EC_056_SCN-W2,12/7/2022,"Dried,Ground",,2245 room temp,,Protocol 2 (Amber vials)
EC_056_SCN-W3,12/7/2022,"Dried,Ground",,2245 room temp,,Protocol 2 (Amber vials)
EC_056_SCN-W4,12/7/2022,"Dried,Ground",,2245 room temp,,Protocol 2 (Amber vials)
EC_056_SCN-W5,12/7/2022,"Dried,Ground",,2245 room temp,,Protocol 2 (Amber vials)
EC_057_SCN-D1,2/8/2023,"Dried,Ground",,2245 room temp,,Protocol 2 (Amber vials)
EC_057_SCN-D2,2/8/2023,"Dried,Ground",,2245 room temp,,Protocol 2 (Amber vials)
EC_057_SCN-D3,2/8/2023,"Dried,Ground",,2245 room temp,,Protocol 2 (Amber vials)
EC_057_SCN-D4,2/8/2023,"Dried,Ground",,2245 room temp,,Protocol 2 (Amber vials)
EC_057_SCN-D5,2/8/2023,"Dried,Ground",,2245 room temp,,Protocol 2 (Amber vials)
EC_057_SCN-W1,2/8/2023,"Dried,Ground",,2245 room temp,,Protocol 2 (Amber vials)
EC_057_SCN-W2,2/8/2023,"Dried,Ground",,2245 room temp,,Protocol 2 (Amber vials)
EC_057_SCN-W3,2/8/2023,"Dried,Ground",,2245 room temp,,Protocol 2 (Amber vials)
EC_057_SCN-W4,2/8/2023,"Dried,Ground",,2245 room temp,,Protocol 2 (Amber vials)
EC_057_SCN-W5,2/8/2023,"Dried,Ground",,2245 room temp,,Protocol 2 (Amber vials)
EC_063_SCN-D1,11/16/2022,"Dried,Ground,Analyzed",,2245 room temp,,Protocol 2 (Amber vials)
EC_063_SCN-D2,11/16/2022,"Dried,Ground",,2245 room temp,,Protocol 2 (Amber vials)
EC_063_SCN-D3,11/16/2022,"Dried,Ground",,2245 room temp,,Protocol 2 (Amber vials)
EC_063_SCN-D4,11/16/2022,"Dried,Ground",,2245 room temp,,Protocol 2 (Amber vials)
EC_063_SCN-D5,11/16/2022,"Dried,Ground",,2245 room temp,,Protocol 2 (Amber vials)
EC_063_SCN-W1,11/16/2022,"Dried,Ground,Analyzed",,2245 room temp,,Protocol 2 (Amber vials)
EC_063_SCN-W2,11/16/2022,"Dried,Ground",,2245 room temp,,Protocol 2 (Amber vials)
EC_063_SCN-W3,11/16/2022,"Dried,Ground",,2245 room temp,,Protocol 2 (Amber vials)
EC_063_SCN-W4,11/16/2022,"Dried,Ground",,2245 room temp,,Protocol 2 (Amber vials)
EC_063_SCN-W5,11/16/2022,"Dried,Ground",,2245 room temp,,Protocol 2 (Amber vials)
EC_064_SCN-D1,12/14/2022,"Dried,Ground,Analyzed",,2245 room temp,,Protocol 2 (Amber vials)
EC_064_SCN-D2,12/14/2022,"Dried,Ground",,2245 room temp,,Protocol 2 (Amber vials)
EC_064_SCN-D3,12/14/2022,"Dried,Ground",,2245 room temp,,Protocol 2 (Amber vials)
EC_064_SCN-D4,12/14/2022,"Dried,Ground",,2245 room temp,,Protocol 2 (Amber vials)
EC_064_SCN-D5,12/14/2022,"Dried,Ground",,2245 room temp,,Protocol 2 (Amber vials)
EC_064_SCN-W1,12/14/2022,"Dried,Ground,Analyzed",,2245 room temp,,Protocol 2 (Amber vials)
EC_064_SCN-W2,12/14/2022,"Dried,Ground",,2245 room temp,,Protocol 2 (Amber vials)
EC_064_SCN-W3,12/14/2022,"Dried,Ground",,2245 room temp,,Protocol 2 (Amber vials)
EC_064_SCN-W4,12/14/2022,"Dried,Ground",,2245 room temp,,Protocol 2 (Amber vials)
EC_064_SCN-W5,12/14/2022,"Dried,Ground",,2245 room temp,,Protocol 2 (Amber vials)
EC_065_SCN-D1,5/3/2023,"Dried,Ground",,2245 room temp,,Protocol 2 (Amber vials)
EC_065_SCN-D2,5/3/2023,"Dried,Ground",,2245 room temp,,Protocol 2 (Amber vials)
EC_065_SCN-D3,5/3/2023,"Dried,Ground",,2245 room temp,,Protocol 2 (Amber vials)
EC_065_SCN-D4,5/3/2023,"Dried,Ground",,2245 room temp,,Protocol 2 (Amber vials)
EC_065_SCN-D5,5/3/2023,"Dried,Ground",,2245 room temp,,Protocol 2 (Amber vials)
EC_065_SCN-W1,5/3/2023,"Dried,Ground",,2245 room temp,,Protocol 2 (Amber vials)
EC_065_SCN-W2,5/3/2023,"Dried,Ground",,2245 room temp,,Protocol 2 (Amber vials)
EC_065_SCN-W3,5/3/2023,"Dried,Ground",,2245 room temp,,Protocol 2 (Amber vials)
EC_065_SCN-W4,5/3/2023,"Dried,Ground",,2245 room temp,,Protocol 2 (Amber vials)
EC_065_SCN-W5,5/3/2023,"Dried,Ground",,2245 room temp,,Protocol 2 (Amber vials)
EC_066_SCN-D1,11/30/2022,"Dried,Ground,Analyzed",,2245 room temp,,Protocol 2 (Amber vials)
EC_066_SCN-D2,11/30/2022,"Dried,Ground",,2245 room temp,,Protocol 2 (Amber vials)
EC_066_SCN-D3,11/30/2022,"Dried,Ground",,2245 room temp,,Protocol 2 (Amber vials)
EC_066_SCN-D4,11/30/2022,"Dried,Ground",,2245 room temp,,Protocol 2 (Amber vials)
EC_066_SCN-D5,11/30/2022,"Dried,Ground",,2245 room temp,,Protocol 2 (Amber vials)
EC_066_SCN-W1,11/30/2022,"Dried,Ground,Analyzed",,2245 room temp,,Protocol 2 (Amber vials)
EC_066_SCN-W2,11/30/2022,"Dried,Ground",,2245 room temp,,Protocol 2 (Amber vials)
EC_066_SCN-W3,11/30/2022,"Dried,Ground",,2245 room temp,,Protocol 2 (Amber vials)
EC_066_SCN-W4,11/30/2022,"Dried,Ground",,2245 room temp,,Protocol 2 (Amber vials)
EC_066_SCN-W5,11/30/2022,"Dried,Ground",,2245 room temp,,Protocol 2 (Amber vials)
EC_068_SCN-D1,3/8/2023,"Dried,Ground",,2245 room temp,,Protocol 2 (Amber vials)
EC_068_SCN-D2,3/8/2023,"Dried,Ground",,2245 room temp,,Protocol 2 (Amber vials)
EC_068_SCN-D3,3/8/2023,"Dried,Ground",,2245 room temp,,Protocol 2 (Amber vials)
EC_068_SCN-D4,3/8/2023,"Dried,Ground",,2245 room temp,,Protocol 2 (Amber vials)
EC_068_SCN-D5,3/8/2023,"Dried,Ground",,2245 room temp,,Protocol 2 (Amber vials)
EC_068_SCN-W1,3/8/2023,"Dried,Ground",,2245 room temp,,Protocol 2 (Amber vials)
EC_068_SCN-W2,3/8/2023,"Dried,Ground",,2245 room temp,,Protocol 2 (Amber vials)
EC_068_SCN-W3,3/8/2023,"Dried,Ground",,2245 room temp,,Protocol 2 (Amber vials)
EC_068_SCN-W4,3/8/2023,"Dried,Ground",,2245 room temp,,Protocol 2 (Amber vials)
EC_068_SCN-W5,3/8/2023,"Dried,Ground",,2245 room temp,,Protocol 2 (Amber vials)
EC_069_SCN-D1,1/25/2023,"Dried,Ground",,2245 room temp,,Protocol 2 (Amber vials)
EC_069_SCN-D2,1/25/2023,"Dried,Ground",,2245 room temp,,Protocol 2 (Amber vials)
EC_069_SCN-D3,1/25/2023,"Dried,Ground",,2245 room temp,,Protocol 2 (Amber vials)
EC_069_SCN-D4,1/25/2023,"Dried,Ground",,2245 room temp,,Protocol 2 (Amber vials)
EC_069_SCN-D5,1/25/2023,"Dried,Ground",,2245 room temp,,Protocol 2 (Amber vials)
EC_069_SCN-W1,1/25/2023,"Dried,Ground",,2245 room temp,,Protocol 2 (Amber vials)
EC_069_SCN-W2,1/25/2023,"Dried,Ground",,2245 room temp,,Protocol 2 (Amber vials)
EC_069_SCN-W3,1/25/2023,"Dried,Ground",,2245 room temp,,Protocol 2 (Amber vials)
EC_069_SCN-W4,1/25/2023,"Dried,Ground",,2245 room temp,,Protocol 2 (Amber vials)
EC_069_SCN-W5,1/25/2023,"Dried,Ground",,2245 room temp,,Protocol 2 (Amber vials)
EC_070_SCN-D1,1/11/2023,"Dried,Ground",,2245 room temp,,Protocol 2 (Amber vials)
EC_070_SCN-D2,1/11/2023,"Dried,Ground",,2245 room temp,,Protocol 2 (Amber vials)
EC_070_SCN-D3,1/11/2023,"Dried,Ground",,2245 room temp,,Protocol 2 (Amber vials)
EC_070_SCN-D4,1/11/2023,"Dried,Ground",,2245 room temp,,Protocol 2 (Amber vials)
EC_070_SCN-D5,1/11/2023,"Dried,Ground",,2245 room temp,,Protocol 2 (Amber vials)
EC_070_SCN-W1,1/11/2023,"Dried,Ground",,2245 room temp,,Protocol 2 (Amber vials)
EC_070_SCN-W2,1/11/2023,"Dried,Ground",,2245 room temp,,Protocol 2 (Amber vials)
EC_070_SCN-W3,1/11/2023,"Dried,Ground",,2245 room temp,,Protocol 2 (Amber vials)
EC_070_SCN-W4,1/11/2023,"Dried,Ground",,2245 room temp,,Protocol 2 (Amber vials)
EC_070_SCN-W5,1/11/2023,"Dried,Ground",,2245 room temp,,Protocol 2 (Amber vials)
EC_071_SCN-D1,4/4/2023,"Dried,Ground",,2245 room temp,"worms in sample after centrifuging after optode measurements
",Protocol 2 (Amber vials)
EC_071_SCN-D2,4/4/2023,"Dried,Ground",,2245 room temp,"worms in sample after centrifuging after optode measurements
",Protocol 2 (Amber vials)
EC_071_SCN-D3,4/4/2023,"Dried,Ground",,2245 room temp,"worms in sample after centrifuging after optode measurements
",Protocol 2 (Amber vials)
EC_071_SCN-D4,4/4/2023,"Dried,Ground",,2245 room temp,"worms in sample after centrifuging after optode measurements
",Protocol 2 (Amber vials)
EC_071_SCN-D5,4/4/2023,"Dried,Ground",,2245 room temp,"worms in sample after centrifuging after optode measurements
",Protocol 2 (Amber vials)
EC_071_SCN-W1,4/4/2023,"Dried,Ground",,2245 room temp,"worms in sample after centrifuging after optode measurements
",Protocol 2 (Amber vials)
EC_071_SCN-W2,4/4/2023,"Dried,Ground",,2245 room temp,"worms in sample after centrifuging after optode measurements
",Protocol 2 (Amber vials)
EC_071_SCN-W3,4/4/2023,"Dried,Ground",,2245 room temp,"worms in sample after centrifuging after optode measurements
",Protocol 2 (Amber vials)
EC_071_SCN-W4,4/4/2023,"Dried,Ground",,2245 room temp,"worms in sample after centrifuging after optode measurements
",Protocol 2 (Amber vials)
EC_071_SCN-W5,4/4/2023,"Dried,Ground",,2245 room temp,"worms in sample after centrifuging after optode measurements
",Protocol 2 (Amber vials)
EC_072_SCN-D1,1/18/2023,"Dried,Ground",,2245 room temp,,Protocol 2 (Amber vials)
EC_072_SCN-D2,1/18/2023,"Dried,Ground",,2245 room temp,,Protocol 2 (Amber vials)
EC_072_SCN-D3,1/18/2023,"Dried,Ground",,2245 room temp,,Protocol 2 (Amber vials)
EC_072_SCN-D4,1/18/2023,"Dried,Ground",,2245 room temp,,Protocol 2 (Amber vials)
EC_072_SCN-D5,1/18/2023,Not Analyzed,,,not enough sediment for 5 replicates,Protocol 2 (Amber vials)
EC_072_SCN-W1,1/18/2023,"Dried,Ground",,2245 room temp,,Protocol 2 (Amber vials)
EC_072_SCN-W2,1/18/2023,"Dried,Ground",,2245 room temp,,Protocol 2 (Amber vials)
EC_072_SCN-W3,1/18/2023,"Dried,Ground",,2245 room temp,,Protocol 2 (Amber vials)
EC_072_SCN-W4,1/18/2023,"Dried,Ground",,2245 room temp,,Protocol 2 (Amber vials)
EC_072_SCN-W5,1/18/2023,Not Analyzed,,,not enough sediment for 5 replicates,Protocol 2 (Amber vials)
EC_073_SCN-D1,2/15/2023,"Dried,Ground",,2245 room temp,,Protocol 2 (Amber vials)
EC_073_SCN-D2,2/15/2023,"Dried,Ground",,2245 room temp,,Protocol 2 (Amber vials)
EC_073_SCN-D3,2/15/2023,"Dried,Ground",,2245 room temp,,Protocol 2 (Amber vials)
EC_073_SCN-D4,2/15/2023,"Dried,Ground",,2245 room temp,,Protocol 2 (Amber vials)
EC_073_SCN-D5,2/15/2023,"Dried,Ground",,2245 room temp,,Protocol 2 (Amber vials)
EC_073_SCN-W1,2/15/2023,"Dried,Ground",,2245 room temp,,Protocol 2 (Amber vials)
EC_073_SCN-W2,2/15/2023,"Dried,Ground",,2245 room temp,,Protocol 2 (Amber vials)
EC_073_SCN-W3,2/15/2023,"Dried,Ground",,2245 room temp,,Protocol 2 (Amber vials)
EC_073_SCN-W4,2/15/2023,"Dried,Ground",,2245 room temp,,Protocol 2 (Amber vials)
EC_073_SCN-W5,2/15/2023,"Dried,Ground",,2245 room temp,,Protocol 2 (Amber vials)
EC_074_SCN-D1,1/11/2023,"Dried,Ground",,2245 room temp,,Protocol 2 (Amber vials)
EC_074_SCN-D2,1/11/2023,"Dried,Ground",,2245 room temp,,Protocol 2 (Amber vials)
EC_074_SCN-D3,1/11/2023,"Dried,Ground",,2245 room temp,,Protocol 2 (Amber vials)
EC_074_SCN-D4,1/11/2023,"Dried,Ground",,2245 room temp,,Protocol 2 (Amber vials)
EC_074_SCN-D5,1/11/2023,"Dried,Ground",,2245 room temp,,Protocol 2 (Amber vials)
EC_074_SCN-W1,1/11/2023,"Dried,Ground",,2245 room temp,,Protocol 2 (Amber vials)
EC_074_SCN-W2,1/11/2023,"Dried,Ground",,2245 room temp,,Protocol 2 (Amber vials)
EC_074_SCN-W3,1/11/2023,"Dried,Ground",,2245 room temp,,Protocol 2 (Amber vials)
EC_074_SCN-W4,1/11/2023,"Dried,Ground",,2245 room temp,,Protocol 2 (Amber vials)
EC_074_SCN-W5,1/11/2023,"Dried,Ground",,2245 room temp,,Protocol 2 (Amber vials)
EC_075_SCN-D1,3/8/2023,"Dried,Ground",,2245 room temp,,Protocol 2 (Amber vials)
EC_075_SCN-D2,3/8/2023,"Dried,Ground",,2245 room temp,,Protocol 2 (Amber vials)
EC_075_SCN-D3,3/8/2023,"Dried,Ground",,2245 room temp,,Protocol 2 (Amber vials)
EC_075_SCN-D4,3/8/2023,"Dried,Ground",,2245 room temp,,Protocol 2 (Amber vials)
EC_075_SCN-D5,3/8/2023,"Dried,Ground",,2245 room temp,,Protocol 2 (Amber vials)
EC_075_SCN-W1,3/8/2023,"Dried,Ground",,2245 room temp,,Protocol 2 (Amber vials)
EC_075_SCN-W2,3/8/2023,"Dried,Ground",,2245 room temp,,Protocol 2 (Amber vials)
EC_075_SCN-W3,3/8/2023,"Dried,Ground",,2245 room temp,,Protocol 2 (Amber vials)
EC_075_SCN-W4,3/8/2023,"Dried,Ground",,2245 room temp,,Protocol 2 (Amber vials)
EC_075_SCN-W5,3/8/2023,"Dried,Ground",,2245 room temp,,Protocol 2 (Amber vials)
EC_076_SCN-D1,3/1/2023,"Dried,Ground",,2245 room temp,,Protocol 2 (Amber vials)
EC_076_SCN-D2,3/1/2023,"Dried,Ground",,2245 room temp,,Protocol 2 (Amber vials)
EC_076_SCN-D3,3/1/2023,"Dried,Ground",,2245 room temp,,Protocol 2 (Amber vials)
EC_076_SCN-D4,3/1/2023,"Dried,Ground",,2245 room temp,,Protocol 2 (Amber vials)
EC_076_SCN-D5,3/1/2023,"Dried,Ground",,2245 room temp,,Protocol 2 (Amber vials)
EC_076_SCN-W1,3/1/2023,"Dried,Ground",,2245 room temp,,Protocol 2 (Amber vials)
EC_076_SCN-W2,3/1/2023,"Dried,Ground",,2245 room temp,,Protocol 2 (Amber vials)
EC_076_SCN-W3,3/1/2023,"Dried,Ground",,2245 room temp,,Protocol 2 (Amber vials)
EC_076_SCN-W4,3/1/2023,"Dried,Ground",,2245 room temp,,Protocol 2 (Amber vials)
EC_076_SCN-W5,3/1/2023,"Dried,Ground",,2245 room temp,,Protocol 2 (Amber vials)
EC_078_SCN-D1,3/1/2023,"Dried,Ground",,2245 room temp,,Protocol 2 (Amber vials)
EC_078_SCN-D2,3/1/2023,"Dried,Ground",,2245 room temp,,Protocol 2 (Amber vials)
EC_078_SCN-D3,3/1/2023,"Dried,Ground",,2245 room temp,,Protocol 2 (Amber vials)
EC_078_SCN-D4,3/1/2023,"Dried,Ground",,2245 room temp,,Protocol 2 (Amber vials)
EC_078_SCN-D5,3/1/2023,"Dried,Ground",,2245 room temp,,Protocol 2 (Amber vials)
EC_078_SCN-W1,3/1/2023,"Dried,Ground",,2245 room temp,,Protocol 2 (Amber vials)
EC_078_SCN-W2,3/1/2023,"Dried,Ground",,2245 room temp,,Protocol 2 (Amber vials)
EC_078_SCN-W3,3/1/2023,"Dried,Ground",,2245 room temp,,Protocol 2 (Amber vials)
EC_078_SCN-W4,3/1/2023,"Dried,Ground",,2245 room temp,,Protocol 2 (Amber vials)
EC_078_SCN-W5,3/1/2023,"Dried,Ground",,2245 room temp,,Protocol 2 (Amber vials)
EC_080_SCN-D1,3/22/2023,"Dried,Ground",,2245 room temp,,Protocol 2 (Amber vials)
EC_080_SCN-D2,3/22/2023,"Dried,Ground",,2245 room temp,,Protocol 2 (Amber vials)
EC_080_SCN-D3,3/22/2023,"Dried,Ground",,2245 room temp,,Protocol 2 (Amber vials)
EC_080_SCN-D4,3/22/2023,"Dried,Ground",,2245 room temp,,Protocol 2 (Amber vials)
EC_080_SCN-D5,3/22/2023,"Dried,Ground",,2245 room temp,,Protocol 2 (Amber vials)
EC_080_SCN-W1,3/22/2023,"Dried,Ground",,2245 room temp,,Protocol 2 (Amber vials)
EC_080_SCN-W2,3/22/2023,"Dried,Ground",,2245 room temp,,Protocol 2 (Amber vials)
EC_080_SCN-W3,3/22/2023,"Dried,Ground",,2245 room temp,,Protocol 2 (Amber vials)
EC_080_SCN-W4,3/22/2023,"Dried,Ground",,2245 room temp,,Protocol 2 (Amber vials)
EC_080_SCN-W5,3/22/2023,"Dried,Ground",,2245 room temp,,Protocol 2 (Amber vials)
EC_081_SCN-D1,4/25/2023,"Dried,Ground",,2245 room temp,,Protocol 2 (Amber vials)
EC_081_SCN-D2,4/25/2023,"Dried,Ground",,2245 room temp,,Protocol 2 (Amber vials)
EC_081_SCN-D3,4/25/2023,"Dried,Ground",,2245 room temp,,Protocol 2 (Amber vials)
EC_081_SCN-D4,4/25/2023,"Dried,Ground",,2245 room temp,,Protocol 2 (Amber vials)
EC_081_SCN-D5,4/25/2023,"Dried,Ground",,2245 room temp,,Protocol 2 (Amber vials)
EC_081_SCN-W1,4/25/2023,"Dried,Ground",,2245 room temp,,Protocol 2 (Amber vials)
EC_081_SCN-W2,4/25/2023,"Dried,Ground",,2245 room temp,,Protocol 2 (Amber vials)
EC_081_SCN-W3,4/25/2023,"Dried,Ground",,2245 room temp,,Protocol 2 (Amber vials)
EC_081_SCN-W4,4/25/2023,"Dried,Ground",,2245 room temp,,Protocol 2 (Amber vials)
EC_081_SCN-W5,4/25/2023,"Dried,Ground",,2245 room temp,,Protocol 2 (Amber vials)
EC_082_SCN-D1,4/25/2023,"Dried,Ground",,2245 room temp,,Protocol 2 (Amber vials)
EC_082_SCN-D2,4/25/2023,"Dried,Ground",,2245 room temp,,Protocol 2 (Amber vials)
EC_082_SCN-D3,4/25/2023,"Dried,Ground",,2245 room temp,,Protocol 2 (Amber vials)
EC_082_SCN-D4,4/25/2023,"Dried,Ground",,2245 room temp,,Protocol 2 (Amber vials)
EC_082_SCN-D5,4/25/2023,"Dried,Ground",,2245 room temp,,Protocol 2 (Amber vials)
EC_082_SCN-W1,4/25/2023,"Dried,Ground",,2245 room temp,,Protocol 2 (Amber vials)
EC_082_SCN-W2,4/25/2023,"Dried,Ground",,2245 room temp,,Protocol 2 (Amber vials)
EC_082_SCN-W3,4/25/2023,"Dried,Ground",,2245 room temp,,Protocol 2 (Amber vials)
EC_082_SCN-W4,4/25/2023,"Dried,Ground",,2245 room temp,,Protocol 2 (Amber vials)
EC_082_SCN-W5,4/25/2023,"Dried,Ground",,2245 room temp,,Protocol 2 (Amber vials)
EC_084_SCN-D1,3/15/2023,"Dried,Ground",,2245 room temp,,Protocol 2 (Amber vials)
EC_084_SCN-D2,3/15/2023,"Dried,Ground",,2245 room temp,,Protocol 2 (Amber vials)
EC_084_SCN-D3,3/15/2023,"Dried,Ground",,2245 room temp,,Protocol 2 (Amber vials)
EC_084_SCN-D4,3/15/2023,"Dried,Ground",,2245 room temp,,Protocol 2 (Amber vials)
EC_084_SCN-D5,3/15/2023,"Dried,Ground",,2245 room temp,,Protocol 2 (Amber vials)
EC_084_SCN-W1,3/15/2023,"Dried,Ground",,2245 room temp,,Protocol 2 (Amber vials)
EC_084_SCN-W2,3/15/2023,"Dried,Ground",,2245 room temp,,Protocol 2 (Amber vials)
EC_084_SCN-W3,3/15/2023,"Dried,Ground",,2245 room temp,,Protocol 2 (Amber vials)
EC_084_SCN-W4,3/15/2023,"Dried,Ground",,2245 room temp,,Protocol 2 (Amber vials)
EC_084_SCN-W5,3/15/2023,"Dried,Ground",,2245 room temp,,Protocol 2 (Amber vials)
EC_085_SCN-D1,3/15/2023,"Dried,Ground",,2245 room temp,,Protocol 2 (Amber vials)
EC_085_SCN-D2,3/15/2023,"Dried,Ground",,2245 room temp,,Protocol 2 (Amber vials)
EC_085_SCN-D3,3/15/2023,"Dried,Ground",,2245 room temp,,Protocol 2 (Amber vials)
EC_085_SCN-D4,3/15/2023,"Dried,Ground",,2245 room temp,,Protocol 2 (Amber vials)
EC_085_SCN-D5,3/15/2023,"Dried,Ground",,2245 room temp,,Protocol 2 (Amber vials)
EC_085_SCN-W1,3/15/2023,"Dried,Ground",,2245 room temp,,Protocol 2 (Amber vials)
EC_085_SCN-W2,3/15/2023,"Dried,Ground",,2245 room temp,,Protocol 2 (Amber vials)
EC_085_SCN-W3,3/15/2023,"Dried,Ground",,2245 room temp,,Protocol 2 (Amber vials)
EC_085_SCN-W4,3/15/2023,"Dried,Ground",,2245 room temp,,Protocol 2 (Amber vials)
EC_085_SCN-W5,3/15/2023,"Dried,Ground",,2245 room temp,,Protocol 2 (Amber vials)
EC_088_SCN-D1,4/11/2023,"Dried,Ground",,2245 room temp,,Protocol 2 (Amber vials)
EC_088_SCN-D2,4/11/2023,"Dried,Ground",,2245 room temp,,Protocol 2 (Amber vials)
EC_088_SCN-D3,4/11/2023,"Dried,Ground",,2245 room temp,,Protocol 2 (Amber vials)
EC_088_SCN-D4,4/11/2023,"Dried,Ground",,2245 room temp,,Protocol 2 (Amber vials)
EC_088_SCN-D5,4/11/2023,"Dried,Ground",,2245 room temp,,Protocol 2 (Amber vials)
EC_088_SCN-W1,4/11/2023,"Dried,Ground",,2245 room temp,,Protocol 2 (Amber vials)
EC_088_SCN-W2,4/11/2023,"Dried,Ground",,2245 room temp,,Protocol 2 (Amber vials)
EC_088_SCN-W3,4/11/2023,"Dried,Ground",,2245 room temp,,Protocol 2 (Amber vials)
EC_088_SCN-W4,4/11/2023,"Dried,Ground",,2245 room temp,,Protocol 2 (Amber vials)
EC_088_SCN-W5,4/11/2023,"Dried,Ground",,2245 room temp,,Protocol 2 (Amber vials)
EC_089_SCN-D1,5/4/2023,"Dried,Ground",,2245 room temp,,Protocol 2 (Amber vials)
EC_089_SCN-D2,5/4/2023,"Dried,Ground",,2245 room temp,,Protocol 2 (Amber vials)
EC_089_SCN-D3,5/4/2023,"Dried,Ground",,2245 room temp,,Protocol 2 (Amber vials)
EC_089_SCN-D4,5/4/2023,"Dried,Ground",,2245 room temp,,Protocol 2 (Amber vials)
EC_089_SCN-D5,5/4/2023,"Dried,Ground",,2245 room temp,,Protocol 2 (Amber vials)
EC_089_SCN-W1,5/4/2023,"Dried,Ground",,2245 room temp,,Protocol 2 (Amber vials)
EC_089_SCN-W2,5/4/2023,"Dried,Ground",,2245 room temp,,Protocol 2 (Amber vials)
EC_089_SCN-W3,5/4/2023,"Dried,Ground",,2245 room temp,,Protocol 2 (Amber vials)
EC_089_SCN-W4,5/4/2023,"Dried,Ground",,2245 room temp,,Protocol 2 (Amber vials)
EC_089_SCN-W5,5/4/2023,"Dried,Ground",,2245 room temp,,Protocol 2 (Amber vials)
EC_090_SCN-D1,5/17/2023,"Dried,Ground",,2245 room temp,,Protocol 2 (Amber vials)
EC_090_SCN-D2,5/17/2023,"Dried,Ground",,2245 room temp,,Protocol 2 (Amber vials)
EC_090_SCN-D3,5/17/2023,"Dried,Ground",,2245 room temp,,Protocol 2 (Amber vials)
EC_090_SCN-D4,5/17/2023,"Dried,Ground",,2245 room temp,,Protocol 2 (Amber vials)
EC_090_SCN-D5,5/17/2023,"Dried,Ground",,2245 room temp,,Protocol 2 (Amber vials)
EC_090_SCN-W1,5/17/2023,"Dried,Ground",,2245 room temp,,Protocol 2 (Amber vials)
EC_090_SCN-W2,5/17/2023,"Dried,Ground",,2245 room temp,,Protocol 2 (Amber vials)
EC_090_SCN-W3,5/17/2023,"Dried,Ground",,2245 room temp,,Protocol 2 (Amber vials)
EC_090_SCN-W4,5/17/2023,"Dried,Ground",,2245 room temp,,Protocol 2 (Amber vials)
EC_090_SCN-W5,5/17/2023,"Dried,Ground",,2245 room temp,,Protocol 2 (Amber vials)
EC_091_SCN-D1,5/24/2023,"Dried,Ground",,2245 room temp,,Protocol 2 (Amber vials)
EC_091_SCN-D2,5/24/2023,"Dried,Ground",,2245 room temp,,Protocol 2 (Amber vials)
EC_091_SCN-D3,5/24/2023,"Dried,Ground",,2245 room temp,,Protocol 2 (Amber vials)
EC_091_SCN-D4,5/24/2023,"Dried,Ground",,2245 room temp,,Protocol 2 (Amber vials)
EC_091_SCN-D5,5/24/2023,"Dried,Ground",,2245 room temp,,Protocol 2 (Amber vials)
EC_091_SCN-W1,5/24/2023,"Dried,Ground",,2245 room temp,,Protocol 2 (Amber vials)
EC_091_SCN-W2,5/24/2023,"Dried,Ground",,2245 room temp,,Protocol 2 (Amber vials)
EC_091_SCN-W3,5/24/2023,"Dried,Ground",,2245 room temp,,Protocol 2 (Amber vials)
EC_091_SCN-W4,5/24/2023,"Dried,Ground",,2245 room temp,,Protocol 2 (Amber vials)
EC_091_SCN-W5,5/24/2023,"Dried,Ground",,2245 room temp,,Protocol 2 (Amber vials)
EC_092_SCN-D1,5/24/2023,"Dried,Ground",,2245 room temp,,Protocol 2 (Amber vials)
EC_092_SCN-D2,5/24/2023,"Dried,Ground",,2245 room temp,,Protocol 2 (Amber vials)
EC_092_SCN-D3,5/24/2023,"Dried,Ground",,2245 room temp,,Protocol 2 (Amber vials)
EC_092_SCN-D4,5/24/2023,"Dried,Ground",,2245 room temp,,Protocol 2 (Amber vials)
EC_092_SCN-D5,5/24/2023,"Dried,Ground",,2245 room temp,,Protocol 2 (Amber vials)
EC_092_SCN-W1,5/24/2023,"Dried,Ground",,2245 room temp,,Protocol 2 (Amber vials)
EC_092_SCN-W2,5/24/2023,"Dried,Ground",,2245 room temp,,Protocol 2 (Amber vials)
EC_092_SCN-W3,5/24/2023,"Dried,Ground",,2245 room temp,,Protocol 2 (Amber vials)
EC_092_SCN-W4,5/24/2023,"Dried,Ground",,2245 room temp,,Protocol 2 (Amber vials)
EC_092_SCN-W5,5/24/2023,"Dried,Ground",,2245 room temp,,Protocol 2 (Amber vials)
EC_093_SCN-D1,5/10/2023,"Dried,Ground",,2245 room temp,,Protocol 2 (Amber vials)
EC_093_SCN-D2,5/10/2023,"Dried,Ground",,2245 room temp,,Protocol 2 (Amber vials)
EC_093_SCN-D3,5/10/2023,"Dried,Ground",,2245 room temp,,Protocol 2 (Amber vials)
EC_093_SCN-D4,5/10/2023,"Dried,Ground",,2245 room temp,,Protocol 2 (Amber vials)
EC_093_SCN-D5,5/10/2023,"Dried,Ground",,2245 room temp,,Protocol 2 (Amber vials)
EC_093_SCN-W1,5/10/2023,"Dried,Ground",,2245 room temp,,Protocol 2 (Amber vials)
EC_093_SCN-W2,5/10/2023,"Dried,Ground",,2245 room temp,,Protocol 2 (Amber vials)
EC_093_SCN-W3,5/10/2023,"Dried,Ground",,2245 room temp,,Protocol 2 (Amber vials)
EC_093_SCN-W4,5/10/2023,"Dried,Ground",,2245 room temp,,Protocol 2 (Amber vials)
EC_093_SCN-W5,5/10/2023,"Dried,Ground",,2245 room temp,,Protocol 2 (Amber vials)
EC_094_SCN-D1,5/9/2023,"Dried,Ground",,2245 room temp,,Protocol 2 (Amber vials)
EC_094_SCN-D2,5/9/2023,"Dried,Ground",,2245 room temp,,Protocol 2 (Amber vials)
EC_094_SCN-D3,5/9/2023,"Dried,Ground",,2245 room temp,,Protocol 2 (Amber vials)
EC_094_SCN-D4,5/9/2023,"Dried,Ground",,2245 room temp,,Protocol 2 (Amber vials)
EC_094_SCN-D5,5/9/2023,"Dried,Ground",,2245 room temp,,Protocol 2 (Amber vials)
EC_094_SCN-W1,5/9/2023,"Dried,Ground",,2245 room temp,,Protocol 2 (Amber vials)
EC_094_SCN-W2,5/9/2023,"Dried,Ground",,2245 room temp,,Protocol 2 (Amber vials)
EC_094_SCN-W3,5/9/2023,"Dried,Ground",,2245 room temp,,Protocol 2 (Amber vials)
EC_094_SCN-W4,5/9/2023,"Dried,Ground",,2245 room temp,,Protocol 2 (Amber vials)
EC_094_SCN-W5,5/9/2023,"Dried,Ground",,2245 room temp,,Protocol 2 (Amber vials)
EC_095_SCN-D1,6/14/2023,"Dried,Ground",,2245 room temp,,Protocol 2 (Amber vials)
EC_095_SCN-D2,6/14/2023,"Dried,Ground",,2245 room temp,,Protocol 2 (Amber vials)
EC_095_SCN-D3,6/14/2023,"Dried,Ground",,2245 room temp,,Protocol 2 (Amber vials)
EC_095_SCN-D4,6/14/2023,"Dried,Ground",,2245 room temp,,Protocol 2 (Amber vials)
EC_095_SCN-D5,6/14/2023,"Dried,Ground",,2245 room temp,,Protocol 2 (Amber vials)
EC_095_SCN-W1,6/14/2023,"Dried,Ground",,2245 room temp,,Protocol 2 (Amber vials)
EC_095_SCN-W2,6/14/2023,"Dried,Ground",,2245 room temp,,Protocol 2 (Amber vials)
EC_095_SCN-W3,6/14/2023,"Dried,Ground",,2245 room temp,,Protocol 2 (Amber vials)
EC_095_SCN-W4,6/14/2023,"Dried,Ground",,2245 room temp,,Protocol 2 (Amber vials)
EC_095_SCN-W5,6/14/2023,"Dried,Ground",,2245 room temp,,Protocol 2 (Amber vials)