Batch Report,,,,,,,,,,
,,,,,,,,,,
,,,,,,,,,,
Id,Name,Sample Type,Sample Group,Comparison,N2,,,CO2,,
,,,,,Height (nA),δ¹⁵N (Gas),δ¹⁵N (Air),Height (nA),δ¹³C (Gas),δ¹³C (VPDB)
4061,runin,(none),aspartics,FALSE,2.45,0.16,5.26,5.8,-5.73,-34.28
4062,runin,(none),aspartics,FALSE,2.84,0.34,5.64,6.23,-6.23,-34.8
4063,aspartic,(none),aspartics,FALSE,2.44,0.28,5.51,5.23,-6.35,-34.92
4064,aspartic,(none),aspartics,FALSE,3.12,0.06,5.04,6.81,-6.14,-34.71
4082,aspartic,(none),aspartics,FALSE,2.44,-0.49,3.88,5.32,-6.15,-34.72
4100,aspartic,(none),aspartics,FALSE,2.3,0.03,4.97,5.34,-5.94,-34.5
4101,aspartic-0.1mg,(none),aspartics,FALSE,0.52,-0.94,2.9,1.41,-3.56,-32
4102,aspartic-1mg,(none),aspartics,FALSE,5.01,0.05,5.04,10.99,-4.53,-33.02
4103,aspartic-3mg,(none),aspartics,FALSE,14.91,0,4.93,20.84,-4.82,-33.32
4125,runin,(none),aspartics,FALSE,2.2,-0.18,4.53,6.43,-3.74,-32.19
4126,runin,(none),aspartics,FALSE,2.24,-0.37,4.13,6.11,-4.2,-32.68
4127,aspartic,(none),aspartics,FALSE,2.36,12.03,30.61,6.08,-4.29,-32.77
4128,aspartic,(none),aspartics,FALSE,2.73,19.25,46.03,6.95,-5.93,-34.49
4146,aspartic,(none),aspartics,FALSE,2.42,-0.14,4.62,6.61,-5.96,-34.51
4164,aspartic,(none),aspartics,FALSE,2.23,4.48,14.49,5.62,-6.37,-34.95
4165,aspartic-0.1mg,(none),aspartics,FALSE,0.42,11.33,29.1,1.3,-3.19,-31.62
4166,aspartic-1mg,(none),aspartics,FALSE,4.72,-0.22,4.45,11.41,-4.41,-32.9
4167,aspartic-3mg,(none),aspartics,FALSE,13.8,-4.47,-4.63,22.22,-4.61,-33.1
4188,runin,(none),aspartics,FALSE,1.9,1.02,7.1,5.15,-6.1,-34.66
4189,runin,(none),aspartics,FALSE,2.18,0.81,6.64,5.4,-5.96,-34.52
4190,aspartic,(none),aspartics,FALSE,2.09,0.54,6.07,5.69,-6.34,-34.91
4191,aspartic,(none),aspartics,FALSE,2.34,0.41,5.8,6.28,-6.01,-34.57
4225,runin,(none),aspartics,FALSE,2.15,0.45,5.89,5.43,-7.52,-36.15
4226,runin,(none),aspartics,FALSE,2.11,-0.76,3.29,4.82,-19.16,-48.31
4227,runin,(none),aspartics,FALSE,2.18,-1.5,1.72,5.18,-8.23,-36.89
4228,aspartic,(none),aspartics,FALSE,1.72,-0.04,4.83,4.15,-18.48,-47.6
4229,aspartic,(none),aspartics,FALSE,1.77,-0.61,3.61,4.21,-10.52,-39.28
4230,aspartic,(none),aspartics,FALSE,2.18,-4.48,-4.64,5.24,-14.74,-43.7
4244,aspartic,(none),aspartics,FALSE,1.26,-0.91,2.98,3.25,-13.66,-42.57
4245,aspartic-0.1mg,(none),aspartics,FALSE,0.34,-3.28,-2.09,1.05,-12.87,-41.74
4246,aspartic-1mg,(none),aspartics,FALSE,3.5,-1.82,1.02,6.25,-10.94,-39.72
4247,aspartic-3mg,(none),aspartics,FALSE,11.06,0.31,5.58,16.49,-7.93,-36.58
4258,aspartic,(none),aspartics,FALSE,1.82,-2.63,-0.69,3.43,-17.53,-46.61
4284,runin,(none),aspartics,FALSE,2.53,0.02,4.97,3.27,-6.7,-35.28
4285,runin,(none),aspartics,FALSE,2.27,-0.02,4.88,2.93,-6.56,-35.14
4286,runin,(none),aspartics,FALSE,1.68,-0.45,3.95,3.31,-6.32,-34.9
4287,aspartic,(none),aspartics,FALSE,2.22,-0.83,3.14,3.09,-5.03,-33.55
4288,aspartic,(none),aspartics,FALSE,2.88,-0.76,3.3,3.96,-5.04,-33.55
4289,aspartic,(none),aspartics,FALSE,2.49,-0.69,3.44,3.44,-4.93,-33.44
4307,aspartic,(none),aspartics,FALSE,2.05,-0.73,3.37,3.22,-4.22,-32.69
4325,aspartic,(none),aspartics,FALSE,2.16,-0.53,3.79,4.09,-4.26,-32.74
4326,aspartic-0.1mg,(none),aspartics,FALSE,0.39,-2.02,0.61,0.91,-2.84,-31.26
4327,aspartic-1mg,(none),aspartics,FALSE,4.52,-0.37,4.13,6.34,-4.98,-33.49
4328,aspartic-3mg,(none),aspartics,FALSE,13.33,0.46,5.91,16.59,-5.17,-33.69
4352,runin,(none),aspartics,FALSE,2.5,-0.33,4.22,4.78,-3.97,-32.44
4353,runin,(none),aspartics,FALSE,2.39,0.19,5.32,4.74,-4.08,-32.55
4354,runin,(none),aspartics,FALSE,2.44,-0.03,4.86,4.7,-4.34,-32.83
4355,aspartic,(none),aspartics,FALSE,2.67,-0.23,4.44,5.02,-4.39,-32.87
4356,aspartic,(none),aspartics,FALSE,2.49,-0.26,4.36,4.74,-4.17,-32.64
4357,aspartic,(none),aspartics,FALSE,2.29,0.02,4.97,4.3,-4.1,-32.58
4375,aspartic,(none),aspartics,FALSE,2.46,0.75,6.53,4.89,-4.57,-33.06
4393,aspartic,(none),aspartics,FALSE,2.19,-0.46,3.95,4.53,-4.46,-32.95
4760,aspartic,(none),aspartics,FALSE,0.24,2.8,10.91,0.06,3.12,-25.02
4840,aspartic,(none),aspartics,FALSE,2.09,0.31,5.58,84.75,4.45,-23.63
,,,,,3.07,0.47,5.93,7.34,-6.31,-34.88
,,,,,3.07,3.73,7.96,11.57,4.27,4.47
4394,aspartic-0.1mg,aspartics,aspartics-calib,FALSE,0.37,-1.51,1.7,0.94,-3.08,-31.51
4395,aspartic-1mg,aspartics,aspartics-calib,FALSE,4.61,0,4.91,6.65,-4.8,-33.3
4396,aspartic-3mg,aspartics,aspartics-calib,FALSE,13.06,0.64,6.28,17.81,-5.09,-33.61
4423,runin,aspartics,aspartics-calib,FALSE,1.26,-3.12,-1.75,4.75,-4.52,-33.01
4424,runin,aspartics,aspartics-calib,FALSE,1.31,-3.89,-3.39,4.98,-4.44,-32.93
4425,runin,aspartics,aspartics-calib,FALSE,1.2,-1.67,1.35,4.6,-4.72,-33.22
4426,aspartic,aspartics,aspartics-calib,FALSE,1.19,-0.76,3.3,4.44,-4.6,-33.1
4427,aspartic,aspartics,aspartics-calib,FALSE,1.26,-1.78,1.11,4.65,-4.46,-32.95
4428,aspartic,aspartics,aspartics-calib,FALSE,1.2,-1.38,1.97,4.62,-4.69,-33.19
4446,aspartic,aspartics,aspartics-calib,FALSE,1.09,-3.15,-1.81,4.49,-4.53,-33.02
4463,aspartic,aspartics,aspartics-calib,FALSE,1.33,-4.35,-4.37,5.77,-4.16,-32.63
4464,aspartic-0.1mg,aspartics,aspartics-calib,FALSE,0.23,-5.51,-6.85,1.12,-3.74,-32.19
4465,aspartic-1mg,aspartics,aspartics-calib,FALSE,2.23,-0.44,3.98,6.72,-4.84,-33.35
4466,aspartic-3mg,aspartics,aspartics-calib,FALSE,6.8,0.7,6.42,18.38,-5.04,-33.55
4501,runin,aspartics,aspartics-calib,FALSE,0.14,-4.58,-4.86,,,
4502,runin,aspartics,aspartics-calib,FALSE,2.34,0.03,4.98,4.48,-3.59,-32.04
4503,runin,aspartics,aspartics-calib,FALSE,2.38,-0.22,4.45,5.57,-4.36,-32.84
4504,aspartic,aspartics,aspartics-calib,FALSE,2.16,-0.34,4.19,4.52,-4.06,-32.53
4505,aspartic,aspartics,aspartics-calib,FALSE,1.85,-0.95,2.88,4.35,-4.03,-32.5
4506,aspartic,aspartics,aspartics-calib,FALSE,2.01,-0.4,4.07,4.66,-4.34,-32.82
4524,aspartic,aspartics,aspartics-calib,FALSE,2.04,-0.29,4.3,4.82,-3.52,-31.97
4541,aspartic,aspartics,aspartics-calib,FALSE,2.01,-1.07,2.64,5.27,-4.02,-32.49
4559,aspartic,aspartics,aspartics-calib,FALSE,1.77,-1.44,1.85,5.14,-4.15,-32.62
4560,aspartic-0.1mg,aspartics,aspartics-calib,FALSE,0.44,4.15,13.78,1.27,-3.1,-31.53
4561,aspartic-1mg,aspartics,aspartics-calib,FALSE,4.19,-0.62,3.59,9.99,-4.46,-32.95
4562,aspartic-3mg,aspartics,aspartics-calib,FALSE,12.08,0.42,5.81,19.78,-4.79,-33.3
4587,runin,aspartics,aspartics-calib,FALSE,1.96,-0.05,4.82,5.1,-3.56,-32.01
4588,runin,aspartics,aspartics-calib,FALSE,2,-0.34,4.19,4.89,-4.31,-32.79
4589,runin,aspartics,aspartics-calib,FALSE,1.85,-0.91,2.97,5.22,-4.9,-33.41
4590,aspartic,aspartics,aspartics-calib,FALSE,1.87,-1.33,2.08,4.8,-4.56,-33.05
4591,aspartic,aspartics,aspartics-calib,FALSE,1.98,-1.72,1.24,4.69,-4.5,-32.99
4592,aspartic,aspartics,aspartics-calib,FALSE,1.89,-0.78,3.25,4.36,-4.28,-32.76
4610,aspartic,aspartics,aspartics-calib,FALSE,1.66,-1.01,2.77,4.65,-3.94,-32.4
4628,aspartic,aspartics,aspartics-calib,FALSE,1.6,-1.1,2.57,4.51,-4.13,-32.61
4646,aspartic,aspartics,aspartics-calib,FALSE,1.93,-0.84,3.12,5.25,-4.27,-32.75
4647,aspartic-0.1mg,aspartics,aspartics-calib,FALSE,0.3,-0.9,2.99,1.1,-3.34,-31.77
4648,aspartic-1mg,aspartics,aspartics-calib,FALSE,3.57,-1.63,1.43,10,-4.54,-33.03
4649,aspartic-3mg,aspartics,aspartics-calib,FALSE,11.59,0.34,5.65,20.14,-4.65,-33.14
4674,runin,aspartics,aspartics-calib,FALSE,2.03,-0.28,4.33,5.39,-4.17,-32.65
4675,runin,aspartics,aspartics-calib,FALSE,2.01,-0.57,3.7,5.24,-4.18,-32.65
4676,runin,aspartics,aspartics-calib,FALSE,1.99,-0.61,3.62,5.72,-4.4,-32.89
4677,aspartic,aspartics,aspartics-calib,FALSE,1.81,-0.66,3.51,4.73,-4.13,-32.6
4678,aspartic,aspartics,aspartics-calib,FALSE,1.86,-0.83,3.14,5.07,-4.1,-32.57
4679,aspartic,aspartics,aspartics-calib,FALSE,2.22,-0.38,4.1,5.73,-4.34,-32.82
4691,aspartic,aspartics,aspartics-calib,FALSE,1.78,-0.92,2.95,5.04,-4.24,-32.71
4692,aspartic-0.1mg,aspartics,aspartics-calib,FALSE,0.4,-1.5,1.72,1.24,-3.37,-31.81
4693,aspartic-1mg,aspartics,aspartics-calib,FALSE,3.85,-0.63,3.58,9.86,-4.45,-32.93
4694,aspartic-3mg,aspartics,aspartics-calib,FALSE,11.83,0.66,6.33,20.54,-4.61,-33.11
4732,runin,aspartics,aspartics-calib,FALSE,1.74,0.76,6.54,6.72,-3.91,-32.37
4733,runin,aspartics,aspartics-calib,FALSE,1.55,0.52,6.03,6.03,-3.94,-32.4
4734,runin,aspartics,aspartics-calib,FALSE,1.58,0.67,6.35,7.26,-3.66,-32.11
4735,aspartic,aspartics,aspartics-calib,FALSE,1.42,-0.14,4.62,6.05,-3.94,-32.4
4736,aspartic,aspartics,aspartics-calib,FALSE,1.94,0.91,6.86,6.83,-3.91,-32.38
4737,aspartic,aspartics,aspartics-calib,FALSE,1.9,0.51,6.01,6.99,-3.94,-32.4
4756,runin,aspartics,aspartics-calib,FALSE,1.7,-0.14,4.63,5.15,-2.99,-31.41
4757,runin,aspartics,aspartics-calib,FALSE,2.05,0.52,6.02,5.96,-3.33,-31.77
4758,aspartic,aspartics,aspartics-calib,FALSE,1.79,0.78,6.58,5.58,-3.35,-31.79
4759,aspartic,aspartics,aspartics-calib,FALSE,2.06,0.82,6.67,5.19,-3.46,-31.9
4772,aspartic,aspartics,aspartics-calib,FALSE,1.81,0.17,5.28,5.88,-3.87,-32.33
4790,aspartic,aspartics,aspartics-calib,FALSE,2.07,1.03,7.11,6.56,-3.95,-32.41
4808,aspartic,aspartics,aspartics-calib,FALSE,1.76,0.92,6.88,5.92,-4.05,-32.52
4825,aspartic,aspartics,aspartics-calib,FALSE,1.93,0.69,6.4,6.97,-3.98,-32.45
4841,aspartic-0.1,aspartics,aspartics-calib,FALSE,0.34,-1.08,2.6,1.51,-3.05,-31.48
4842,aspartic-1,aspartics,aspartics-calib,FALSE,4.28,0.19,5.33,13.82,-4.41,-32.9
4843,aspartic-3,aspartics,aspartics-calib,FALSE,11.78,0.61,6.22,35.79,-4.46,-32.95
,,,,,2.68,-0.61,3.61,6.89,-4.13,-32.6
,,,,,2.93,1.49,3.18,5.67,0.51,0.53
4081,MT,(Blank),blanks,FALSE,0.19,-1.8,,,,
4099,MT,(Blank),blanks,FALSE,0.17,-2.77,,,,
4121,MT,(Blank),blanks,FALSE,0.2,-412.74,,,,
4122,MT,(Blank),blanks,FALSE,0.2,-19.7,,0.06,-1.05,-29.38
4124,MT,(Blank),blanks,FALSE,0.19,-7.35,,0.06,2.45,-25.72
4145,MT,(Blank),blanks,FALSE,0.17,0.67,,0.08,5.34,-22.7
4163,MT,(Blank),blanks,FALSE,0.17,-0.34,,0.28,0.51,-27.75
4185,MT,(Blank),blanks,FALSE,0.25,-1.03,,0.06,2.24,-25.95
4186,MT,(Blank),blanks,FALSE,0.16,8.13,,0.05,-6.51,-35.09
4187,MT,(Blank),blanks,FALSE,0.15,-3.28,,0.04,2.29,-25.89
4221,mt,(Blank),blanks,FALSE,0.18,-2.99,,0.06,-20.04,-49.24
4222,mt,(Blank),blanks,FALSE,0.11,-4.99,,0.04,-10.51,-39.27
4223,mt,(Blank),blanks,FALSE,0.11,-6.27,,0.04,-32.01,-61.75
4224,mt,(Blank),blanks,FALSE,0.11,-2.93,,0.04,-26.25,-55.73
4243,MT,(Blank),blanks,FALSE,0.12,-4.23,,0.06,-2.52,-30.92
4252,mt,(Blank),blanks,FALSE,0.1,-6.47,,0.04,-4.14,-32.61
4257,MT,(Blank),blanks,FALSE,0.12,-9.37,,0.1,-15.17,-44.14
4280,mt,(Blank),blanks,FALSE,2.16,-2.1,,0.1,5.1,-22.96
4281,mt,(Blank),blanks,FALSE,0.1,-10.65,,0.04,-4.14,-32.61
4282,mt,(Blank),blanks,FALSE,0.1,0.9,,0.04,-21.09,-50.33
4283,mt,(Blank),blanks,FALSE,0.1,-18.56,,0.04,-39.81,-69.91
4306,MT,(Blank),blanks,FALSE,0.16,-3.38,,0.08,1.43,-26.79
4324,MT,(Blank),blanks,FALSE,0.16,-2.63,,0.06,-13.48,-42.38
4348,mt,(Blank),blanks,FALSE,0.28,-2.27,,0.28,17.59,-9.9
4349,mt,(Blank),blanks,FALSE,0.18,-4.2,,0.22,19.43,-7.98
4350,mt,(Blank),blanks,FALSE,0.16,-3.37,,0.21,16.96,-10.55
4351,mt,(Blank),blanks,FALSE,0.16,-4.03,,0.2,17.82,-9.65
4374,MT,(Blank),blanks,FALSE,0.14,-4.9,,0.11,17.47,-10.02
4392,MT,(Blank),blanks,FALSE,0.14,-4.18,,0.09,5.98,-22.03
4401,MT,(Blank),blanks,FALSE,0.15,-4.61,,0.08,8.38,-19.52
4419,mt,(Blank),blanks,FALSE,0.12,-5.67,,0.37,4.75,-23.32
4420,mt,(Blank),blanks,FALSE,0.08,-14.43,,0.05,-14.01,-42.93
4421,mt,(Blank),blanks,FALSE,0.07,-5.51,,0.05,-11.35,-40.15
4422,mt,(Blank),blanks,FALSE,0.08,-6.93,,0.05,0.47,-27.8
4445,MT,(Blank),blanks,FALSE,0.08,-13.79,,0.08,18.13,-9.33
4462,MT,(Blank),blanks,FALSE,0.07,-5.59,,0.07,3.84,-24.27
4471,MT,(Blank),blanks,FALSE,0.08,-8.61,,0.06,0.63,-27.63
4497,mt,(Blank),blanks,FALSE,,,,0.06,-74.66,-106.33
4498,mt,(Blank),blanks,FALSE,0.1,-6.99,,0.05,-20.57,-49.79
4499,mt,(Blank),blanks,FALSE,0.14,-3.17,,0.05,-0.4,-28.7
4500,mt,(Blank),blanks,FALSE,0.13,-3.53,,0.05,-9.65,-38.37
4523,MT,(Blank),blanks,FALSE,0.13,-9.57,,0.02,29.31,2.36
4540,MT,(Blank),blanks,FALSE,0.14,-3.15,,,,
4558,MT,(Blank),blanks,FALSE,0.14,-7.07,,,,
4567,MT,(Blank),blanks,FALSE,0.12,-6.21,,0.1,26.68,-0.4
4583,mt,(Blank),blanks,FALSE,0.2,-4.24,,0.03,2.05,-26.14
4584,mt,(Blank),blanks,FALSE,0.14,-2.5,,0.03,-6.9,-35.49
4585,mt,(Blank),blanks,FALSE,0.14,-4.62,,0.02,0.4,-27.87
4586,mt,(Blank),blanks,FALSE,0.13,-3.07,,0.02,-3.62,-32.07
4609,MT,(Blank),blanks,FALSE,0.12,-4.6,,,,
4627,MT,(Blank),blanks,FALSE,0.13,-3.77,,,,
4645,MT,(Blank),blanks,FALSE,0.13,-5.37,,0.11,-1.44,-29.79
4654,MT,(Blank),blanks,FALSE,0.12,-2.29,,0.08,19.45,-7.96
4669,mt,(Blank),blanks,FALSE,0.19,-3.73,,0.81,5.9,-22.11
4670,mt,(Blank),blanks,FALSE,0.12,-6.44,,0.06,-15.44,-44.43
4671,mt,(Blank),blanks,FALSE,0.12,-4.45,,0.04,-7.64,-36.27
4672,mt,(Blank),blanks,FALSE,0.11,-9.1,,0.03,-1.24,-29.58
4690,mt,(Blank),blanks,FALSE,0.11,0.23,,,,
4699,MT,(Blank),blanks,FALSE,0.11,-3.64,,0.07,1.91,-26.29
4728,mt,(none),blanks,FALSE,1.63,2.82,10.94,0.67,18.31,-9.14
4729,mt,(none),blanks,FALSE,0.07,-2.32,-0.04,0.06,5.13,-22.93
4730,mt,(none),blanks,FALSE,0.07,-7.72,-11.57,0.03,-2.78,-31.19
4731,mt,(none),blanks,FALSE,0.07,-6,-7.9,0.03,-1.24,-29.58
4755,mt,(none),blanks,FALSE,0.31,2.56,10.38,0.27,2.47,-25.7
4761,mt,(none),blanks,FALSE,0.08,-4.17,-3.99,0.06,1.96,-26.24
4771,MT,(Blank),blanks,FALSE,0.06,-9.45,,0.22,7.37,-20.59
4789,MT,(Blank),blanks,FALSE,0.06,-9.56,,,,
4807,MT,(Blank),blanks,FALSE,0.07,-1.86,,0.44,6.44,-21.55
4821,MT,(Blank),blanks,FALSE,0.23,71.06,,0.02,-97.8,-130.53
4824,mt,(Blank),blanks,FALSE,0.07,-2.15,,0.07,-2.27,-30.66
4839,MT,(Blank),blanks,FALSE,0.08,-2.72,,0.12,2.29,-25.89
4849,MT,(Blank),blanks,FALSE,0.08,-4.83,,0.09,8.55,-19.35
,,,,,0.18,-9.49,-0.36,0.11,-2.84,-31.25
,,,,,0.3,49.55,9.37,0.14,20.19,21.11
4104,moran-low,Moran_LOW,moran-low,FALSE,0.2,-4.62,-4.93,0.5,16.23,-11.32
4105,moran-low,Moran_LOW,moran-low,FALSE,0.22,-5.56,-6.95,0.71,16.69,-10.84
4168,moran-low,(none),moran-low,FALSE,0.24,3.7,12.83,7.98,16.25,-11.29
4169,moran-low,(none),moran-low,FALSE,0.19,-1.69,1.31,6.57,16.02,-11.54
4248,moran-low,(none),moran-low,FALSE,0.15,-15.36,-27.88,6.97,16.12,-11.43
4249,moran-low,(none),moran-low,FALSE,0.2,-11.34,-19.3,7.16,10.44,-17.37
4329,moran-low,Moran_LOW,moran-low,FALSE,0.25,-6.05,-8,7.66,16.16,-11.39
4330,moran-low,Moran_LOW,moran-low,FALSE,0.18,-4.26,-4.17,5.7,16.14,-11.42
4397,moran-low,Moran_LOW,moran-low,FALSE,0.23,-6.42,-8.79,7.91,15.85,-11.71
4398,moran-low,Moran_LOW,moran-low,FALSE,0.19,-5.86,-7.59,6.22,16.06,-11.5
4467,moran-low,(none),moran-low,FALSE,0.1,-14.67,-26.4,5.71,15.94,-11.62
4468,moran-low,Moran_LOW,moran-low,FALSE,0.09,-8.45,-13.12,5.27,15.94,-11.62
4563,moran-low,Moran_LOW,moran-low,FALSE,0.17,-6.13,-8.17,0.64,16.65,-10.88
4564,moran-low,Moran_LOW,moran-low,FALSE,0.17,-5.91,-7.7,0.6,16.71,-10.81
4650,moran-low,Moran_LOW,moran-low,FALSE,0.17,-7.54,-11.18,7.47,16.24,-11.31
4651,moran-low,Moran_LOW,moran-low,FALSE,0.16,-5.29,-6.38,7.23,16.47,-11.07
4695,moran-low,Moran_MED,moran-low,FALSE,0.18,33.47,76.38,7.8,42.65,16.3
4696,moran-low,Moran_MED,moran-low,FALSE,0.18,30.03,69.05,8.4,43.23,16.91
4697,moran-med,Moran_LOW,moran-low,FALSE,0.15,-7.96,-12.08,6.43,17.24,-10.26
4698,moran-med,Moran_LOW,moran-low,FALSE,0.14,-6.36,-8.66,6.77,16.94,-10.58
4844,moran-low,Moran_LOW,moran-low,FALSE,0.12,-6.85,-9.72,0.61,16.76,-10.77
4845,moran-low,Moran_LOW,moran-low,FALSE,0.12,-6.51,-8.98,0.68,16.77,-10.75
,,,,,0.17,-3.16,-1.84,5.23,18.52,-8.92
,,,,,0.04,11.96,25.53,2.99,8.01,8.38
4106,moran-med,Moran_MED,moran-med,FALSE,0.29,33.82,77.13,1,43.12,16.8
4107,moran-med,Moran_MED,moran-med,FALSE,0.24,31.11,71.35,0.64,43.11,16.79
4170,moran-med,(none),moran-med,FALSE,0.19,39.81,89.92,6.61,42.14,15.77
4250,moran-med,(none),moran-med,FALSE,0.19,21.71,51.27,7.68,36.38,9.75
4251,moran-med,(none),moran-med,FALSE,0.14,14.32,35.5,5.01,36.44,9.81
4331,moran-med,(none),moran-med,FALSE,0.18,21.35,50.5,5.04,42.5,16.14
4332,moran-med,Moran_MED,moran-med,FALSE,0.23,32.12,73.49,8.19,43.35,17.03
4399,moran-med,Moran_MED,moran-med,FALSE,0.24,34.09,77.71,8.57,42.53,16.18
4400,moran-med,(none),moran-med,FALSE,0.19,25.83,60.08,5.64,43.35,17.03
4469,moran-med,(none),moran-med,FALSE,0.11,21.45,50.71,7.44,42.81,16.47
4470,moran-med,Moran_MED,moran-med,FALSE,0.11,31.35,71.86,7.65,42.95,16.61
4565,moran-med,Moran_MED,moran-med,FALSE,0.19,33.69,76.84,0.74,42.86,16.52
4566,moran-med,(none),moran-med,FALSE,0.15,23.26,54.59,0.42,43.28,16.96
4652,moran-med,Moran_MED,moran-med,FALSE,0.19,30.26,69.53,8.63,43.3,16.98
4653,moran-med,(none),moran-med,FALSE,0.18,28.41,65.57,9.44,43.3,16.98
4846,moran-med,Moran_MED,moran-med,FALSE,0.12,30.57,70.18,0.68,43.39,17.07
4847,moran-med,(none),moran-med,FALSE,0.15,37.42,84.81,0.83,43.94,17.65
,,,,,0.18,28.86,66.53,4.95,42.28,15.91
,,,,,0.05,6.66,14.22,3.44,2.25,2.35
4065,1,(none),skip,FALSE,0.37,0,4.92,,,
4066,2,(none),samples,FALSE,0.55,-0.55,3.74,62.57,-0.27,-28.56
4067,3,(none),skip,FALSE,0.94,2.23,9.68,108.6,-7.47,-36.1
4068,4,(none),samples,FALSE,0.27,-2.06,0.51,10.61,-0.6,-28.91
4069,5,(none),skip,FALSE,0.57,0.7,6.42,,,
4070,6,(none),samples,FALSE,0.24,-5.15,-6.08,11.65,-2.37,-30.76
4071,7,(none),samples,FALSE,0.85,3.38,12.14,9.62,0.53,-27.73
4072,8,(none),samples,FALSE,0.27,-0.99,2.81,1.66,-0.36,-28.66
4073,9,(none),samples,FALSE,0.89,1.49,8.1,17.95,9.56,-18.29
4074,10,(none),samples,FALSE,0.39,0.27,5.5,7.16,12.31,-15.41
4075,11,(none),samples,FALSE,0.22,-2.64,-0.73,0.56,1.5,-26.71
4076,12,(none),samples,FALSE,0.23,-1.14,2.48,1.78,1.66,-26.55
4077,13,(none),samples,FALSE,0.24,-1.56,1.6,0.61,1.2,-27.03
4078,14,(none),samples,FALSE,0.27,1.54,8.21,1.39,-0.24,-28.54
4079,15,(none),samples,FALSE,0.25,0.98,7.02,1.16,1.2,-27.03
4080,15-rep,(none),samples,FALSE,0.24,1.02,7.09,1.11,0.98,-27.26
4083,16,(none),samples,FALSE,0.28,-1.5,1.73,0.88,-0.34,-28.64
4084,17,(none),samples,FALSE,0.28,-1.35,2.03,1.99,0.28,-28
4085,18,(none),samples,FALSE,0.39,0.89,6.83,13.77,23.23,-4
4086,19,(none),samples,FALSE,0.43,0.44,5.87,5.01,0.17,-28.11
4087,20,(none),samples,FALSE,0.26,-1.22,2.31,1.92,0.35,-27.91
4088,21,(none),samples,FALSE,0.29,-0.65,3.52,1.93,2.23,-25.95
4089,22,(none),samples,FALSE,0.26,-1.58,1.54,1.35,0.73,-27.52
4090,23,(none),samples,FALSE,0.28,0.36,5.7,1.03,1.79,-26.41
4091,24,(none),samples,FALSE,0.23,-0.23,4.43,0.71,0.98,-27.26
4092,25,(none),samples,FALSE,0.25,-1.34,2.06,1.39,2.21,-25.98
4093,26,(none),samples,FALSE,0.24,-1.63,1.43,0.55,-0.1,-28.39
4094,27,(none),samples,FALSE,0.53,-0.91,2.97,7.93,0.1,-28.18
4095,28,(none),samples,FALSE,0.26,-0.2,4.48,0.51,1.38,-26.84
4096,29,(none),samples,FALSE,0.27,-0.36,4.16,1.28,-0.48,-28.79
4097,30,(none),samples,FALSE,0.25,-0.78,3.26,0.94,-0.4,-28.7
4098,30-rep,(none),samples,FALSE,0.27,-1.08,2.62,1.14,0.7,-27.56
4129,31,(none),samples,FALSE,0.37,0.92,6.88,3.49,-0.84,-29.16
4130,32,(none),samples,FALSE,0.32,2.59,10.45,1.49,-1.36,-29.71
4131,33,(none),samples,FALSE,0.62,4.82,15.2,11.01,11.46,-16.3
4132,34,(none),samples,FALSE,0.26,0.33,5.63,1.69,1.48,-26.74
4133,35,(none),samples,FALSE,0.22,29.67,68.27,1.16,-0.01,-28.3
4134,36,(none),samples,FALSE,1.4,36.24,82.3,13.8,-0.61,-28.92
4135,37,(none),samples,FALSE,0.22,23.17,54.39,0.66,7.05,-20.91
4136,38,(none),samples,FALSE,0.21,2.32,9.88,0.32,0.56,-27.7
4137,39,(none),samples,FALSE,0.61,3.6,12.6,9.37,10.94,-16.85
4138,40,(none),samples,FALSE,0.28,1.69,8.54,0.48,1.26,-26.97
4139,41,(none),samples,FALSE,1.99,3.68,12.77,19.62,-0.55,-28.86
4140,42,(none),samples,FALSE,0.29,-0.24,4.42,1.8,-0.63,-28.95
4141,43,(none),samples,FALSE,0.28,1.28,7.65,19.17,25.51,-1.62
4142,44,(none),samples,FALSE,0.28,1.48,8.08,3.01,1.55,-26.67
4143,45,(none),samples,FALSE,0.25,3.51,12.41,0.77,1.09,-27.15
4144,45-rep,(none),samples,FALSE,0.26,0.26,5.47,0.61,1.22,-27.01
4147,46,(none),samples,FALSE,0.45,3.62,12.64,17.03,24.64,-2.53
4148,47,(none),samples,FALSE,0.77,4.37,14.26,8.13,0.42,-27.84
4149,48,(none),samples,FALSE,0.29,26.71,61.95,0.69,-0.68,-29
4150,49,(none),samples,FALSE,1.79,3.46,12.3,16.1,-0.71,-29.03
4151,50,(none),samples,FALSE,0.32,10.04,26.35,0.89,5.14,-22.92
4152,51,(none),samples,FALSE,0.26,1.95,9.09,0.87,3.52,-24.6
4153,52,(none),samples,FALSE,0.57,1.86,8.9,7,0.05,-28.23
4154,53,(none),samples,FALSE,0.26,-3.3,-2.13,0.57,-0.65,-28.97
4155,54,(none),samples,FALSE,3,13.48,33.69,35.62,0.41,-27.86
4156,55,(none),samples,FALSE,0.26,-2.96,-1.41,0.7,1.4,-26.82
4157,56,(none),samples,FALSE,0.2,26.98,62.53,1.22,0.39,-27.88
4158,57,(none),samples,FALSE,0.29,2.11,9.42,0.92,0.91,-27.33
4159,58,(none),samples,FALSE,0.29,20.56,48.82,0.73,0.97,-27.27
4160,59,(none),samples,FALSE,9.18,6.04,17.81,64.75,0.44,-27.83
4161,60,(none),samples,FALSE,1.83,5.46,16.57,23.9,0.71,-27.54
4162,60-rep,(none),samples,FALSE,1.83,1.29,7.67,23.86,0.75,-27.5
4192,61,(none),samples,FALSE,1.01,1.58,8.3,12.07,0.68,-27.58
4193,62,(none),samples,FALSE,0.34,2.82,10.93,1.39,2.06,-26.13
4194,63,(none),samples,FALSE,0.29,3.15,11.64,0.7,1.53,-26.69
4195,64,(none),samples,FALSE,0.59,-0.96,2.86,14.68,1.9,-26.3
4196,65,(none),samples,FALSE,8.48,3.04,11.41,67.77,0.9,-27.34
4197,66,(none),samples,FALSE,0.55,-0.09,4.73,7.01,13.33,-14.35
4198,67,(none),samples,FALSE,1.65,3.24,11.84,23.76,1.33,-26.89
4199,68,(none),samples,FALSE,7.93,5.51,16.69,67.89,0.84,-27.4
4200,69,(none),samples,FALSE,0.58,1.5,8.13,6.19,1.58,-26.63
4201,70,(none),samples,FALSE,0.39,24.92,58.12,17.1,23.97,-3.23
4202,71,(none),samples,FALSE,0.55,1.91,9,15.03,19.67,-7.72
4203,72,(none),samples,FALSE,0.29,12.48,31.56,2.32,1.83,-26.37
4231,80,(none),samples,FALSE,0.17,-5.6,-7.05,0.57,-20.65,-49.87
4232,81,(none),samples,FALSE,0.37,-0.17,4.56,4.52,-3.62,-32.07
4233,82,(none),samples,FALSE,0.21,-7.17,-10.39,0.71,-13.56,-42.46
4234,83,(none),samples,FALSE,0.31,-1.95,0.76,3.23,-8.66,-37.34
4235,84,(none),samples,FALSE,0.2,-1,2.78,1.05,-7.05,-35.65
4236,85,(none),samples,FALSE,0.18,-1.44,1.85,3.43,3.19,-24.95
4237,86,(none),samples,FALSE,0.2,-7.31,-10.69,0.77,-1.24,-29.58
4238,87,(none),samples,FALSE,1.68,0.37,5.71,14.14,-4.02,-32.48
4239,88,(none),samples,FALSE,0.17,-1.83,1,1.12,-11.35,-40.15
4240,89,(none),samples,FALSE,0.16,-3.24,-2.01,4.42,9.14,-18.73
4241,90,(none),samples,FALSE,0.18,-0.71,3.41,1.71,2.43,-25.74
4242,90-rep,(none),samples,FALSE,0.21,-3.7,-2.98,1.06,-9.22,-37.92
4253,73,(none),samples,FALSE,0.32,-2.87,-1.2,7.42,12.37,-15.35
4254,74,(none),samples,FALSE,0.19,-9.99,-16.41,0.59,-17.34,-46.41
4255,75,(none),samples,FALSE,0.3,-6.22,-8.36,2.86,0.5,-27.77
4256,75-rep,(none),samples,FALSE,0.27,-8.14,-12.45,2.5,-4.1,-32.57
4259,76,(none),samples,FALSE,0.2,-7.36,-10.79,1.4,1.67,-26.54
4260,77,(none),samples,FALSE,0.83,-4.57,-4.83,7.8,-8.63,-37.31
4261,79,(none),samples,FALSE,0.21,-3.83,-3.25,0.42,-3.23,-31.66
4290,91,(none),samples,FALSE,0.45,0.42,5.82,0.84,-1.79,-30.15
4291,92,(none),samples,FALSE,0.2,-2.75,-0.96,0.89,0.98,-27.27
4292,93,(none),samples,FALSE,0.4,-0.27,4.34,2.12,-1.72,-30.08
4293,94,(none),samples,FALSE,2.39,2.03,9.25,16,-1.07,-29.41
4294,95,(none),samples,FALSE,0.26,-0.49,3.87,0.81,0.96,-27.28
4295,96,(none),samples,FALSE,1.07,1.3,7.69,9.36,13.74,-13.92
4296,97,(none),samples,FALSE,0.33,0.21,5.36,0.62,-0.53,-28.84
4297,98,(none),samples,FALSE,0.56,0.93,6.91,3.37,0.61,-27.65
4298,99,(none),samples,FALSE,0.5,2.11,9.43,2.6,1.04,-27.2
4299,100,(none),samples,FALSE,0.26,-1.02,2.73,0.73,-4.07,-32.54
4300,101,(none),samples,FALSE,0.42,-0.26,4.37,1.79,1.36,-26.86
4301,102,(none),samples,FALSE,0.35,0.21,5.36,1.13,-2.13,-30.51
4302,103,(none),samples,FALSE,0.32,0.25,5.45,0.61,-0.54,-28.85
4303,104,(none),samples,FALSE,0.31,-1.2,2.35,2.08,0.96,-27.28
4304,105,(none),samples,FALSE,0.42,1.12,7.31,0.66,-1.61,-29.97
4305,105-rep,(none),samples,FALSE,0.3,0.71,6.43,0.46,1.64,-26.57
4308,106,(none),samples,FALSE,0.33,-0.21,4.47,1.03,-2.37,-30.76
4309,107,(none),samples,FALSE,0.38,-0.16,4.57,1.08,-4.18,-32.65
4310,108,(none),samples,FALSE,0.6,0.37,5.72,3.7,0.5,-27.76
4311,109,(none),samples,FALSE,0.37,-0.52,3.8,2.19,0.3,-27.97
4312,110,(none),samples,FALSE,0.45,0.28,5.51,2.16,-0.44,-28.74
4313,111,(none),samples,FALSE,0.32,-1.76,1.16,0.85,-9.7,-38.43
4314,112,(none),samples,FALSE,0.29,-1.2,2.35,0.99,-0.67,-28.99
4315,113,(none),samples,FALSE,0.44,0.84,6.71,1.35,0.06,-28.22
4316,114,(none),samples,FALSE,0.29,-0.17,4.56,1.02,0.71,-27.54
4317,115,(none),samples,FALSE,0.26,-0.71,3.39,4.74,24.7,-2.46
4318,116,(none),samples,FALSE,0.28,-0.3,4.27,4.26,26.17,-0.93
4319,117,(none),samples,FALSE,0.38,-0.46,3.94,2.41,-0.15,-28.45
4320,118,(none),samples,FALSE,0.33,-1.61,1.49,1.43,-0.14,-28.43
4321,119,(none),samples,FALSE,0.36,-0.24,4.4,0.99,1.2,-27.03
4322,120,(none),samples,FALSE,0.31,-0.25,4.39,1.98,13,-14.7
4323,120-rep,(none),samples,FALSE,0.24,-1.05,2.67,1.82,7.01,-20.96
4358,121,(none),samples,FALSE,6.37,4.99,15.58,33.14,0.69,-27.56
4359,122,(none),samples,FALSE,0.4,1.49,8.1,1.94,7.01,-20.96
4360,123,(none),samples,FALSE,0.24,-0.05,4.82,1.05,-0.6,-28.91
4361,124,(none),samples,FALSE,0.25,-1.26,2.23,0.81,1.81,-26.4
4362,125,(none),samples,FALSE,1.3,4.67,14.89,7.61,3.44,-24.69
4363,126,(none),samples,FALSE,3.97,3.46,12.31,22.58,1.4,-26.83
4364,127,(none),samples,FALSE,1.66,1.87,8.91,12.83,-1.5,-29.85
4365,128,(none),samples,FALSE,1.49,4.65,14.85,8.95,3.56,-24.57
4366,129,(none),samples,FALSE,0.72,0.89,6.82,5.83,0.1,-28.18
4367,130,(none),samples,FALSE,0.32,0.65,6.32,1.4,-1.07,-29.4
4368,131,(none),samples,FALSE,0.33,0.47,5.93,1.25,-0.81,-29.14
4369,132,(none),samples,FALSE,0.2,-1.89,0.89,0.47,-1.91,-30.28
4370,133,(none),samples,FALSE,0.39,1.21,7.51,0.37,-1.84,-30.21
4371,134,(none),samples,FALSE,0.29,0.83,6.69,1.44,12.79,-14.91
4372,135,(none),samples,FALSE,0.32,1.36,7.83,1.09,4.46,-23.62
4373,135-rep,(none),samples,FALSE,0.19,-0.17,4.57,0.46,-0.24,-28.54
4376,136,(none),samples,FALSE,3.09,2.78,10.86,21.6,1.24,-26.99
4377,137,(none),samples,FALSE,0.28,-1.01,2.76,0.64,-0.5,-28.8
4378,138,(none),samples,FALSE,0.27,0.02,4.96,2.58,-0.48,-28.78
4379,139,(none),samples,FALSE,0.22,-1.34,2.06,0.7,0.23,-28.04
4380,140,(none),samples,FALSE,0.17,-2.59,-0.62,0.88,-7.39,-36.01
4381,141,(none),samples,FALSE,0.34,-0.46,3.94,4.71,7.64,-20.3
4382,142,(none),samples,FALSE,2.23,2.96,11.24,16.47,-0.95,-29.28
4383,143,(none),samples,FALSE,0.21,-1.9,0.87,0.53,-0.73,-29.05
4384,144,(none),samples,FALSE,0.2,-2.07,0.5,0.81,-0.32,-28.62
4385,145,(none),samples,FALSE,1.99,2.93,11.19,14.58,-0.72,-29.03
4386,146,(none),samples,FALSE,0.52,0.84,6.72,5.21,0.85,-27.39
4387,147,(none),samples,FALSE,0.25,-1.93,0.79,0.73,0.51,-27.75
4388,148,(none),samples,FALSE,0.22,-2.15,0.34,0.76,1.63,-26.58
4389,149,(none),samples,FALSE,0.46,1.66,8.46,4.05,-0.92,-29.25
4390,150,(none),samples,FALSE,0.23,-0.46,3.93,0.47,1.75,-26.46
4391,150-rep,(none),samples,FALSE,0.26,0.18,5.3,0.5,2.37,-25.8
4429,151,(none),samples,FALSE,0.11,-13.95,-24.86,0.4,8.27,-19.64
4430,152,(none),samples,FALSE,0.14,-3.57,-2.71,1.63,2.05,-26.14
4431,153,(none),samples,FALSE,0.12,-2.14,0.35,0.45,-0.05,-28.33
4432,154,(none),samples,FALSE,0.11,-3.98,-3.58,0.49,0.21,-28.07
4433,155,(none),samples,FALSE,0.42,2.42,10.08,6.71,2.66,-25.5
4434,156,(none),samples,FALSE,0.14,-0.97,2.85,0.61,3.36,-24.77
4435,157,(none),samples,FALSE,0.12,-2.85,-1.16,0.63,0.07,-28.21
4436,158,(none),samples,FALSE,0.14,0.89,6.82,0.84,2.31,-25.87
4437,159,(none),samples,FALSE,0.4,-5.58,-7,8.5,-2.2,-30.59
4438,160,(none),samples,FALSE,0.66,-2.86,-1.18,11.19,-2.14,-30.53
4439,161,(none),samples,FALSE,0.55,-1.12,2.53,8.75,-1.11,-29.44
4440,162,(none),samples,FALSE,0.09,-14.83,-26.74,0.24,1.35,-26.87
4441,163,(none),samples,FALSE,0.18,-1.68,1.34,1.66,3.76,-24.35
4442,164,(none),samples,FALSE,0.16,-6.13,-8.18,1.94,3.22,-24.92
4443,165,(none),samples,FALSE,0.12,-9.39,-15.13,0.91,0.82,-27.42
4444,165-rep,(none),samples,FALSE,0.12,-12.44,-21.65,0.79,3.86,-24.25
4447,166,(none),samples,FALSE,0.12,-1.12,2.54,1.02,-0.94,-29.27
4448,167,(none),samples,FALSE,0.2,-0.68,3.48,5.01,9.89,-17.94
4449,168,(none),samples,FALSE,0.1,-8.3,-12.8,0.31,-0.03,-28.31
4450,169,(none),samples,FALSE,0.14,-3.14,-1.78,1.55,2.33,-25.85
4451,170,(none),samples,FALSE,0.12,-0.81,3.18,0.56,2.1,-26.09
4452,171,(none),samples,FALSE,0.1,-5.61,-7.06,1.65,18.15,-9.31
4453,172,(none),samples,FALSE,0.6,5.3,16.24,5.85,-1.05,-29.39
4454,173,(none),samples,FALSE,0.97,3.02,11.36,9.86,-1.3,-29.64
4455,174,(none),samples,FALSE,0.11,-10.83,-18.21,0.4,1.49,-26.73
4456,175,(none),samples,FALSE,0.15,-7.7,-11.52,2.4,-0.49,-28.79
4457,176,(none),samples,FALSE,0.18,0.84,6.72,1.84,3.83,-24.29
4458,178,(none),samples,FALSE,0.47,2.13,9.47,9.94,10.99,-16.8
4459,179,(none),samples,FALSE,0.25,-1.74,1.21,5.08,1.77,-26.43
4460,180,(none),samples,FALSE,0.1,-8.01,-12.18,0.6,1.03,-27.21
4461,180-rep,(none),samples,FALSE,0.11,-4.34,-4.36,0.51,0.73,-27.52
4507,181,(none),samples,FALSE,0.25,-0.44,3.98,7.32,26.31,-0.78
4508,182,(none),samples,FALSE,0.24,-0.36,4.15,0.69,9.16,-18.71
4509,183,(none),samples,FALSE,1.57,0.63,6.26,13.86,-1.19,-29.53
4510,184,(none),samples,FALSE,0.22,-1.35,2.04,0.78,0.38,-27.89
4511,185,(none),samples,FALSE,0.19,-2.1,0.43,0.24,2.92,-25.23
4512,186,(none),samples,FALSE,0.36,1.63,8.4,9.08,14.19,-13.45
4513,187,(none),samples,FALSE,0.26,-0.8,3.22,2.52,-0.57,-28.89
4514,188,(none),samples,FALSE,0.2,-1.03,2.71,1.72,16.59,-10.94
4515,189,(none),samples,FALSE,0.18,-2.81,-1.09,0.8,4.94,-23.12
4516,190,(none),samples,FALSE,1.6,5.53,16.74,11.5,-0.6,-28.91
4517,191,(none),samples,FALSE,0.22,-1.56,1.58,1.9,0.24,-28.04
4518,192,(none),samples,FALSE,0.2,-2.13,0.37,2.65,1.48,-26.74
4519,193,(none),samples,FALSE,0.28,0.11,5.15,1.8,3.85,-24.26
4520,194,(none),samples,FALSE,0.23,-1.08,2.61,2.89,1.68,-26.53
4521,195,(none),samples,FALSE,0.28,-0.05,4.81,6.65,20.17,-7.2
4522,195-rep,(none),samples,FALSE,0.29,0.55,6.09,6.48,20.42,-6.94
4525,196,(none),samples,FALSE,0.29,-0.17,4.57,8.08,22.16,-5.12
4526,197,(none),samples,FALSE,0.19,-2.94,-1.36,0.63,6.65,-21.34
4527,198,(none),samples,FALSE,0.19,-2.05,0.54,0.33,2.06,-26.13
4528,200,(none),samples,FALSE,0.4,0.71,6.43,9.02,14.02,-13.63
4529,201,(none),samples,FALSE,0.19,-1.72,1.24,1.53,0.94,-27.3
4530,202,(none),samples,FALSE,3.13,3.26,11.88,19.55,4.73,-23.34
4531,203,(none),samples,FALSE,3.05,3.76,12.95,19.53,4.88,-23.18
4532,204,(none),samples,FALSE,0.23,-1.87,0.93,0.6,-0.93,-29.26
4533,205,(none),samples,FALSE,0.28,0.06,5.05,0.7,0.17,-28.11
4534,206,(none),samples,FALSE,0.51,-0.04,4.82,6.62,11.1,-16.68
4535,207,(none),samples,FALSE,0.36,2.28,9.79,1.73,1.11,-27.13
4536,208,(none),samples,FALSE,0.29,-0.4,4.06,2.45,-0.09,-28.38
4537,209,(none),samples,FALSE,2.48,3.99,13.44,17.82,4.7,-23.37
4538,210,(none),samples,FALSE,0.28,-0.89,3.02,1.52,1.11,-27.12
4539,210-rep,(none),samples,FALSE,0.23,-0.26,4.36,1.56,1.39,-26.84
4542,211,(none),samples,FALSE,0.31,-0.37,4.13,2.66,0.5,-27.77
4543,212,(none),samples,FALSE,0.32,0.46,5.89,1.34,5.26,-22.79
4544,213,(none),samples,FALSE,0.17,-1.63,1.43,1.37,-0.84,-29.17
4545,214,(none),samples,FALSE,0.74,3.17,11.69,9.71,10.12,-17.71
4546,215,(none),samples,FALSE,0.34,-0.72,3.38,9.6,15.75,-11.82
4547,216,(none),samples,FALSE,0.25,-0.7,3.43,0.53,2.1,-26.09
4548,217,(none),samples,FALSE,0.7,1.59,8.32,12.3,12.5,-15.22
4549,218,(none),samples,FALSE,0.41,0.99,7.04,14.83,17.51,-9.98
4550,219,(none),samples,FALSE,0.24,-1.05,2.68,0.92,11.22,-16.56
4551,220,(none),samples,FALSE,0.26,0.47,5.92,1.85,13.7,-13.96
4552,221,(none),samples,FALSE,0.19,-0.02,4.87,0.45,2.36,-25.82
4553,222,(none),samples,FALSE,0.68,1.13,7.33,7.6,0.24,-28.03
4554,223,(none),samples,FALSE,0.94,1.73,8.62,11.32,5.58,-22.45
4555,224,(none),samples,FALSE,0.2,-2.39,-0.19,1.98,8.27,-19.64
4556,225,(none),samples,FALSE,1.32,4.06,13.59,15.51,10.89,-16.9
4557,225-rep,(none),samples,FALSE,1.33,4,13.46,15,10.6,-17.2
4593,226,(none),samples,FALSE,0.21,0.22,5.4,12.77,26.15,-0.95
4594,227,(none),samples,FALSE,1.01,3.12,11.58,11.71,6.51,-21.48
4595,228,(none),samples,FALSE,0.15,-1.79,1.09,0.66,1.24,-26.99
4596,229,(none),samples,FALSE,0.18,-1.79,1.09,1.25,4.69,-23.39
4597,230,(none),samples,FALSE,0.19,-0.11,4.68,1.3,1.28,-26.95
4598,231,(none),samples,FALSE,0.69,2.14,9.48,10.74,11.75,-16
4599,232,(none),samples,FALSE,0.2,-0.71,3.41,1.27,2.34,-25.84
4600,233,(none),samples,FALSE,0.31,-2.43,-0.27,5.7,16.07,-11.48
4601,234,(none),samples,FALSE,0.76,1.45,8.02,10.57,7.1,-20.87
4602,235,(none),samples,FALSE,0.31,-0.76,3.29,3.87,0.16,-28.12
4603,236,(none),samples,FALSE,0.25,0.72,6.45,2.26,0.62,-27.64
4604,237,(none),samples,FALSE,0.16,-1.69,1.32,1.17,7.21,-20.74
4605,238,(none),samples,FALSE,0.16,-1,2.79,8.64,26,-1.1
4606,239,(none),samples,FALSE,1.29,0.69,6.39,12.14,-0.45,-28.75
4607,240,(none),samples,FALSE,0.15,-0.88,3.04,1.42,1.05,-27.19
4608,240-rep,(none),samples,FALSE,0.16,-0.18,4.54,0.98,5.63,-22.4
4611,241,(none),samples,FALSE,0.18,-2.07,0.49,1.18,4.11,-23.99
4612,242,(none),samples,FALSE,0.35,-0.94,2.92,5.32,12.14,-15.6
4613,243,(none),samples,FALSE,0.21,-0.53,3.78,1.55,1.95,-26.25
4614,244,(none),samples,FALSE,0.39,-0.39,4.09,5.27,-0.26,-28.55
4615,245,(none),samples,FALSE,0.53,2.28,9.79,6.55,3.09,-25.06
4616,246,(none),samples,FALSE,0.17,-3.03,-1.56,10.37,25.5,-1.62
4617,247,(none),samples,FALSE,0.42,2.34,9.91,6.93,11.27,-16.51
4618,248,(none),samples,FALSE,0.2,-0.52,3.82,1.64,0.53,-27.73
4619,249,(none),samples,FALSE,0.22,-0.18,4.54,0.98,1.48,-26.74
4620,250,(none),samples,FALSE,0.45,0.3,5.56,8.25,12.56,-15.16
4621,251,(none),samples,FALSE,0.26,-2.39,-0.18,0.58,0.5,-27.76
4622,252,(none),samples,FALSE,0.77,2.65,10.58,7.16,5.61,-22.42
4623,253,(none),samples,FALSE,0.29,-0.47,3.91,0.61,1.61,-26.61
4624,254,(none),samples,FALSE,0.2,-1.08,2.61,1.43,2.16,-26.03
4625,255,(none),samples,FALSE,0.3,0.41,5.79,3.52,0.12,-28.16
4626,255-rep,(none),samples,FALSE,0.31,0.08,5.09,4.33,0.26,-28.01
4629,256,(none),samples,FALSE,0.93,2.9,11.11,9.95,3.22,-24.92
4630,257,(none),samples,FALSE,0.19,-1.74,1.2,1.29,2.86,-25.3
4631,258,(none),samples,FALSE,0.23,-1.73,1.23,0.65,5.96,-22.06
4632,259,(none),samples,FALSE,0.16,-2.9,-1.28,0.62,1.93,-26.27
4633,260,(none),samples,FALSE,0.36,-0.7,3.43,3.35,2.85,-25.3
4634,261,(none),samples,FALSE,0.17,-1.48,1.77,0.63,4.87,-23.2
4635,262,(none),samples,FALSE,0.21,0,4.91,1.45,2.84,-25.32
4636,263,(none),samples,FALSE,0.21,-2.66,-0.77,1.02,4.96,-23.1
4637,264,(none),samples,FALSE,0.19,0.66,6.34,2.5,11.77,-15.98
4638,265,(none),samples,FALSE,0.24,-0.65,3.54,1.43,7.35,-20.6
4639,266,(none),samples,FALSE,0.24,-2.33,-0.06,0.72,2.3,-25.88
4640,267,(none),samples,FALSE,0.15,-4.41,-4.5,0.62,0.47,-27.8
4641,268,(none),samples,FALSE,0.18,-1.48,1.77,0.95,15.49,-12.09
4642,269,(none),samples,FALSE,0.19,-2.26,0.1,1.24,1.5,-26.72
4643,270,(none),samples,FALSE,0.17,-1.15,2.46,0.57,-0.91,-29.24
4644,270-rep,(none),samples,FALSE,0.17,-1.09,2.6,0.43,-2.26,-30.64
4680,271,(none),samples,FALSE,0.22,1.16,7.4,2.12,-0.27,-28.57
4681,272,(none),samples,FALSE,0.26,-0.46,3.93,3.83,0.5,-27.77
4682,273,(none),samples,FALSE,0.17,-0.56,3.73,0.78,-0.67,-28.99
4683,274,(none),samples,FALSE,0.23,-2.16,0.32,3.44,0.58,-27.68
4684,275,(none),samples,FALSE,0.19,0.32,5.59,1.8,6.75,-21.22
4685,276,(none),samples,FALSE,0.33,0.83,6.68,2.54,11.08,-16.7
4686,38,(none),samples,FALSE,0.18,-0.1,4.7,0.32,1.9,-26.3
4687,78,(none),samples,FALSE,0.13,-1.85,0.97,0.55,5.53,-22.51
4688,199,(none),samples,FALSE,0.43,-0.79,3.22,6.88,-0.28,-28.57
4689,177,(none),samples,FALSE,0.15,-0.11,4.68,1.87,0.09,-28.19
4768,70,(none),samples,FALSE,0.21,0.1,5.13,20.66,24.18,-3.01
4769,71,(none),samples,FALSE,0.36,1.02,7.09,17.58,20.49,-6.86
4770,71-rep,(none),samples,FALSE,0.4,1.24,7.56,15.72,19.24,-8.17
4773,72,(none),samples,FALSE,0.11,2.45,10.15,2.56,1.87,-26.33
4774,73,(none),samples,FALSE,0.17,-1.38,1.97,8.46,21.7,-5.6
4775,77,(none),samples,FALSE,0.73,0.52,6.04,14.43,0.66,-27.6
4776,87,(none),samples,FALSE,0.8,0.74,6.49,14.95,-1.26,-29.6
4777,89,(none),samples,FALSE,0.08,-4.93,-5.61,6.85,24.41,-2.77
4778,94,(none),samples,FALSE,0.87,1.57,8.27,16.8,-0.24,-28.53
4779,96,(none),samples,FALSE,0.29,-1.18,2.41,10.62,15.32,-12.27
4780,108,(none),samples,FALSE,0.25,-0.94,2.91,5.59,0.73,-27.52
4781,121,(none),samples,FALSE,3.02,4.87,15.32,35.69,1.21,-27.02
4782,125,(none),samples,FALSE,0.47,3.55,12.5,7.62,3.63,-24.49
4783,126,(none),samples,FALSE,1.81,3.49,12.38,23.21,1.87,-26.33
4784,127,(none),samples,FALSE,0.64,2.2,9.61,12.37,-1.19,-29.52
4785,128,(none),samples,FALSE,0.51,3.59,12.59,8.54,3.55,-24.57
4786,136,(none),samples,FALSE,1.25,2.87,11.04,19.03,1.63,-26.59
4787,142,(none),samples,FALSE,0.91,2.24,9.71,16.57,-0.28,-28.58
4788,142-rep,(none),samples,FALSE,0.91,2.32,9.87,16.21,-0.4,-28.7
4791,145,(none),samples,FALSE,0.7,1.12,7.31,14.26,-0.1,-28.39
4792,155,(none),samples,FALSE,0.29,1.44,7.99,6.38,3.39,-24.74
4793,159,(none),samples,FALSE,0.33,-0.68,3.47,9.08,-1.84,-30.21
4794,160,(none),samples,FALSE,0.64,1.28,7.66,12.21,-1.48,-29.83
4795,172,(none),samples,FALSE,0.37,6.34,18.45,5.15,-0.59,-28.9
4796,173,(none),samples,FALSE,0.68,5.77,17.23,8.65,-0.96,-29.29
4797,178,(none),samples,FALSE,0.36,3.13,11.6,9.58,11.46,-16.31
4798,181,(none),samples,FALSE,0.12,-6,-7.89,5.88,27.61,0.58
4799,183,(none),samples,FALSE,0.7,1.29,7.68,11.95,-0.74,-29.06
4800,186,(none),samples,FALSE,0.2,28.94,66.71,6.82,14.35,-13.29
4801,190,(none),samples,FALSE,0.7,5.79,17.29,10.2,-0.47,-28.77
4802,200,(none),samples,FALSE,0.18,-0.44,3.97,6.37,11.68,-16.07
4803,202,(none),samples,FALSE,1.61,4.11,13.7,17.98,5.02,-23.03
4804,203,(none),samples,FALSE,1.56,4.24,13.97,18.19,5.19,-22.86
4805,209,(none),samples,FALSE,1.26,4.91,15.41,15.7,4.97,-23.09
4806,209-rep,(none),samples,FALSE,1.22,5.31,16.25,15.39,5.22,-22.83
4809,215,(none),samples,FALSE,0.12,-1.83,1,6.11,14.61,-13.01
4810,217,(none),samples,FALSE,0.31,1.52,8.16,10.25,12.79,-14.91
4811,218,(none),samples,FALSE,0.12,-0.75,3.31,11.71,18.32,-9.14
4812,223,(none),samples,FALSE,0.49,3.6,12.6,10.83,6.11,-21.9
4813,225,(none),samples,FALSE,0.63,4.17,13.83,13.53,10.69,-17.11
4814,226,(none),samples,FALSE,0.1,-5.78,-7.42,6.42,24.71,-2.45
4815,227,(none),samples,FALSE,0.41,2.79,10.87,10.15,6.22,-21.78
4816,231,(none),samples,FALSE,0.3,2.08,9.36,9.88,12.7,-15.01
4817,234,(none),samples,FALSE,0.31,1.55,8.22,8.45,6.96,-21.01
4818,238,(none),samples,FALSE,0.1,-3.29,-2.11,4.95,25.83,-1.28
4819,239,(none),samples,FALSE,0.61,1.46,8.03,10.51,-0.05,-28.34
4820,246,(none),samples,FALSE,0.1,-4.43,-4.55,10.05,26.38,-0.7
4822,252,(none),samples,FALSE,0.1,-1.82,1.04,0.8,3.15,-25
4823,252-rep,(none),samples,FALSE,0.09,-5.52,-6.87,0.96,3.01,-25.13
4826,18,(none),samples,FALSE,0.25,2.32,9.88,27.27,23.16,-4.08
4827,54,(none),samples,FALSE,2.74,1.45,8,62.54,-0.32,-28.61
4828,59,(none),samples,FALSE,4.27,6.06,17.85,61.71,1.11,-27.12
4829,60,(none),samples,FALSE,0.66,0.4,5.77,20.15,0.95,-27.29
4830,61,(none),samples,FALSE,0.66,1.58,8.28,12.75,0.78,-27.47
4831,62,(none),samples,FALSE,0.22,-1.91,0.83,4.67,1.91,-26.29
4832,63,(none),samples,FALSE,0.14,1.05,7.16,2.21,1.58,-26.63
4833,64,(none),samples,FALSE,0.52,-0.67,3.48,17.89,1.37,-26.85
4834,65,(none),samples,FALSE,4.41,4.68,14.91,64.14,1.27,-26.95
4835,66,(none),samples,FALSE,0.24,-3.53,-2.62,7.46,13.58,-14.09
4836,67,(none),samples,FALSE,1.52,2.23,9.68,26.6,0.86,-27.38
4837,68,(none),samples,FALSE,4.69,5.43,16.5,66.67,1.21,-27.02
4838,69,(none),samples,FALSE,0.3,0.26,5.48,7.66,1.62,-26.59
4848,250,(none),samples,FALSE,0.2,1.15,7.38,8.24,12.27,-15.46
,,,,,0.6,0.52,6.03,7.4,3.84,-24.28
,,,,,1.03,5.19,11.09,12.17,7.42,7.76